[{"model": "mainapp.servicescategory", "pk": 1, "fields": {"name": "\u0422\u0430\u0440\u0438\u0444 1", "is_active": true, "created": "2021-04-12T13:41:11.798Z", "updated": "2021-04-12T13:41:11.798Z"}}, {"model": "mainapp.metrics", "pk": 1, "fields": {"name": "\u043c2", "is_active": true, "created": "2021-04-13T01:58:27.318Z", "updated": "2021-04-13T01:58:27.318Z"}}, {"model": "mainapp.metrics", "pk": 2, "fields": {"name": "\u043c3", "is_active": true, "created": "2021-04-13T01:58:35.618Z", "updated": "2021-04-13T01:58:35.618Z"}}, {"model": "mainapp.metrics", "pk": 3, "fields": {"name": "\u043a\u0412\u0442.\u0447", "is_active": true, "created": "2021-04-13T02:02:05.941Z", "updated": "2021-04-13T02:02:05.941Z"}}, {"model": "mainapp.metrics", "pk": 4, "fields": {"name": "\u0413\u043a\u0430\u043b", "is_active": true, "created": "2021-04-13T02:02:13.307Z", "updated": "2021-04-13T02:02:13.307Z"}}, {"model": "mainapp.metrics", "pk": 5, "fields": {"name": "\u0448\u0442", "is_active": true, "created": "2021-04-13T02:02:29.970Z", "updated": "2021-04-13T02:02:36.057Z"}}, {"model": "mainapp.metrics", "pk": 6, "fields": {"name": "\u043a\u0432", "is_active": true, "created": "2021-04-13T02:02:45.815Z", "updated": "2021-04-13T02:03:03.498Z"}}, {"model": "mainapp.metrics", "pk": 7, "fields": {"name": "\u0447\u0435\u043b", "is_active": true, "created": "2021-04-13T02:02:58.451Z", "updated": "2021-04-13T02:02:58.451Z"}}, {"model": "mainapp.services", "pk": 1, "fields": {"category": 1, "name": "\u0412\u0437\u043d\u043e\u0441\u044b \u043d\u0430 \u043a\u0430\u043f\u0438\u0442\u0430\u043b\u044c\u043d\u044b\u0439 \u0440\u0435\u043c\u043e\u043d\u0442", "unit": 1, "rate": "15.323", "factor": "1.00", "const": true, "is_active": true, "created": "2021-04-13T02:05:21.908Z", "updated": "2021-04-13T02:05:21.908Z"}}, {"model": "mainapp.services", "pk": 2, "fields": {"category": 1, "name": "\u0425\u043e\u043b\u043e\u0434\u043d\u0430\u044f \u0432\u043e\u0434\u0430 (\u0438\u043d\u0434\u0438\u0432\u0438\u0434\u0443\u0430\u043b\u044c\u043d\u043e\u0435 \u043f\u043e\u0442\u0440\u0435\u0431\u043b\u0435\u043d\u0438\u0435)", "unit": 2, "rate": "42.300", "factor": "1.00", "const": false, "is_active": true, "created": "2021-04-13T02:06:06.824Z", "updated": "2021-04-13T02:06:06.824Z"}}, {"model": "mainapp.services", "pk": 3, "fields": {"category": 1, "name": "\u0413\u043e\u0440\u044f\u0447\u0430\u044f \u0432\u043e\u0434\u0430 (\u0438\u043d\u0434\u0438\u0432\u0438\u0434\u0443\u0430\u043b\u044c\u043d\u043e\u0435 \u043f\u043e\u0442\u0440\u0435\u0431\u043b\u0435\u043d\u0438\u0435)", "unit": 2, "rate": "205.150", "factor": "1.00", "const": false, "is_active": true, "created": "2021-04-13T02:07:02.519Z", "updated": "2021-04-13T02:07:02.519Z"}}, {"model": "mainapp.services", "pk": 4, "fields": {"category": 1, "name": "\u0412\u043e\u0434\u043e\u043e\u0442\u0432\u0435\u0434\u0435\u043d\u0438\u0435 (\u0438\u043d\u0434\u0438\u0432\u0438\u0434\u0443\u0430\u043b\u044c\u043d\u043e\u0435 \u043f\u043e\u0442\u0440\u0435\u0431\u043b\u0435\u043d\u0438\u0435)", "unit": 2, "rate": "30.900", "factor": "1.00", "const": false, "is_active": true, "created": "2021-04-13T02:07:34.421Z", "updated": "2021-04-13T02:07:34.421Z"}}, {"model": "mainapp.services", "pk": 5, "fields": {"category": 1, "name": "\u042d\u043b\u0435\u043a\u0442\u0440\u043e\u044d\u043d\u0435\u0440\u0433\u0438\u044f \u0434\u0435\u043d\u044c", "unit": 3, "rate": "6.790", "factor": "1.00", "const": false, "is_active": true, "created": "2021-04-13T02:08:23.782Z", "updated": "2021-04-13T02:08:23.782Z"}}, {"model": "mainapp.services", "pk": 6, "fields": {"category": 1, "name": "\u042d\u043b\u0435\u043a\u0442\u0440\u043e\u044d\u043d\u0435\u0440\u0433\u0438\u044f \u043d\u043e\u0447\u044c", "unit": 3, "rate": "2.320", "factor": "1.00", "const": false, "is_active": true, "created": "2021-04-13T02:08:43.698Z", "updated": "2021-04-13T02:08:43.699Z"}}, {"model": "mainapp.services", "pk": 7, "fields": {"category": 1, "name": "\u041e\u0431\u0440\u0430\u0449\u0435\u043d\u0438\u0435 \u0441 \u0422\u041a\u041e", "unit": 1, "rate": "1.620", "factor": "1.00", "const": true, "is_active": true, "created": "2021-04-13T02:09:42.085Z", "updated": "2021-04-13T02:09:42.085Z"}}, {"model": "mainapp.services", "pk": 8, "fields": {"category": 1, "name": "\u041e\u0431\u0441\u043b\u0443\u0436\u0438\u0432\u0430\u043d\u0438\u0435 \u0441\u0438\u0441\u0442\u0435\u043c \u0432\u0438\u0434\u0435\u043e\u043d\u0430\u0431\u043b\u044e\u0434\u0435\u043d\u0438\u044f", "unit": 6, "rate": "70.000", "factor": "1.00", "const": true, "is_active": true, "created": "2021-04-13T02:10:11.489Z", "updated": "2021-04-13T02:10:11.489Z"}}, {"model": "mainapp.services", "pk": 9, "fields": {"category": 1, "name": "\u0421\u043e\u0434\u0435\u0440\u0436\u0430\u043d\u0438\u0435 \u0438 \u0422\u041e \u043e\u0431\u0449\u0435\u0433\u043e \u0438\u043c\u0443\u0449\u0435\u0441\u0442\u0432\u0430", "unit": 1, "rate": "14.062", "factor": "1.00", "const": true, "is_active": true, "created": "2021-04-13T02:11:00.096Z", "updated": "2021-04-13T02:11:00.096Z"}}, {"model": "mainapp.services", "pk": 10, "fields": {"category": 1, "name": "\u0422\u0435\u0445 \u043e\u0431\u0441\u043b\u0443\u0436 \u043b\u0438\u0444\u0442\u043e\u0432\u043e\u0433\u043e \u0438\u043c\u043c\u0443\u0449\u0435\u0441\u0442\u0432\u0430", "unit": 5, "rate": "10.000", "factor": "1.00", "const": true, "is_active": true, "created": "2021-04-13T02:11:54.846Z", "updated": "2021-04-13T02:11:54.846Z"}}, {"model": "mainapp.services", "pk": 11, "fields": {"category": 1, "name": "\u0423\u043f\u0440\u0430\u0432\u043b\u0435\u043d\u0438\u0435 \u0434\u043e\u043c\u043e\u043c", "unit": 1, "rate": "5.620", "factor": "1.00", "const": true, "is_active": true, "created": "2021-04-13T02:12:29.773Z", "updated": "2021-04-13T02:12:29.773Z"}}, {"model": "mainapp.city", "pk": 1, "fields": {"city": "\u0422\u044e\u043c\u0435\u043d\u044c", "is_active": true, "created": "2021-04-12T13:40:59.366Z", "updated": "2021-04-12T13:40:59.366Z"}}, {"model": "mainapp.street", "pk": 1, "fields": {"street": "\u0421\u043e\u044e\u0437\u043d\u0430\u044f", "is_active": true, "created": "2021-04-12T13:41:31.046Z", "updated": "2021-04-12T13:41:31.046Z"}}, {"model": "mainapp.street", "pk": 2, "fields": {"street": "\u0422\u044e\u043c\u0435\u043d\u0441\u043a\u0430\u044f", "is_active": true, "created": "2021-04-12T13:41:43.199Z", "updated": "2021-04-12T13:41:43.199Z"}}, {"model": "mainapp.street", "pk": 3, "fields": {"street": "\u041f\u0443\u0448\u043a\u0438\u043d\u0441\u043a\u0430\u044f", "is_active": true, "created": "2021-04-12T13:42:00.791Z", "updated": "2021-04-12T13:42:00.791Z"}}, {"model": "mainapp.uk", "pk": 1, "fields": {"name": "\u041e\u041e\u041e \"\u0423\u041a \u041d\u043e\u0432\u044b\u0439 \u0433\u043e\u0440\u043e\u0434\"", "city": 1, "street": 1, "num_building": "12", "phone": "79865465453", "email": "uk@new-city.ru", "inn": "7202225426", "ps": "40702810538320000181", "bik": "046577964", "ks": "30101810100000000096", "bank": "\u041e\u0410\u041e \"\u0410\u043b\u044c\u0444\u0430-\u0411\u0430\u043d\u043a\"", "web_addr": "new-city.ru", "is_active": true, "created": "2021-04-12T13:44:12.634Z", "updated": "2021-04-12T13:44:12.634Z"}}, {"model": "mainapp.house", "pk": 1, "fields": {"number": "1", "add_number": "-", "city": 1, "street": 1, "sq_home": "3460.00", "uk": 1, "category_rate": 1, "is_active": true, "created": "2021-04-13T02:13:22.756Z", "updated": "2021-04-13T02:13:22.756Z"}}, {"model": "mainapp.house", "pk": 2, "fields": {"number": "2", "add_number": "-", "city": 1, "street": 1, "sq_home": "4200.00", "uk": 1, "category_rate": 1, "is_active": true, "created": "2021-04-13T02:13:40.799Z", "updated": "2021-04-13T02:13:40.799Z"}}, {"model": "mainapp.house", "pk": 3, "fields": {"number": "11", "add_number": "-", "city": 1, "street": 2, "sq_home": "3200.00", "uk": 1, "category_rate": 1, "is_active": true, "created": "2021-04-13T02:13:57.707Z", "updated": "2021-04-13T02:13:57.707Z"}}, {"model": "mainapp.house", "pk": 4, "fields": {"number": "13", "add_number": "-", "city": 1, "street": 2, "sq_home": "3550.00", "uk": 1, "category_rate": 1, "is_active": true, "created": "2021-04-13T02:14:14.116Z", "updated": "2021-04-13T02:14:14.116Z"}}, {"model": "mainapp.appartament", "pk": 1, "fields": {"house": 1, "number": 1, "add_number": "-", "sq_appart": "59.00", "num_owner": 2, "is_active": true, "created": "2021-04-13T02:14:45.275Z", "updated": "2021-04-13T02:14:45.275Z"}}, {"model": "mainapp.appartament", "pk": 2, "fields": {"house": 1, "number": 2, "add_number": "-", "sq_appart": "43.00", "num_owner": 4, "is_active": true, "created": "2021-04-13T02:14:54.462Z", "updated": "2021-04-13T02:14:54.462Z"}}, {"model": "mainapp.appartament", "pk": 3, "fields": {"house": 2, "number": 11, "add_number": "-", "sq_appart": "39.00", "num_owner": 2, "is_active": true, "created": "2021-04-13T02:15:09.273Z", "updated": "2021-04-13T02:15:09.273Z"}}, {"model": "mainapp.appartament", "pk": 4, "fields": {"house": 2, "number": 13, "add_number": "-", "sq_appart": "34.00", "num_owner": 4, "is_active": true, "created": "2021-04-13T02:15:20.958Z", "updated": "2021-04-13T02:15:20.958Z"}}, {"model": "mainapp.userprofile", "pk": 1, "fields": {"user": 1, "appartament": null, "type_electric_meter": "", "is_active": true, "created": "2021-04-12T13:39:40.891Z", "updated": "2021-04-13T02:32:05.902Z"}}, {"model": "mainapp.userprofile", "pk": 2, "fields": {"user": 2, "appartament": 3, "type_electric_meter": "2", "is_active": true, "created": "2021-04-13T02:17:59.679Z", "updated": "2021-04-13T02:29:07.735Z"}}, {"model": "mainapp.userprofile", "pk": 3, "fields": {"user": 3, "appartament": 2, "type_electric_meter": "2", "is_active": true, "created": "2021-04-13T02:18:55.679Z", "updated": "2021-04-13T02:29:56.932Z"}}, {"model": "mainapp.userprofile", "pk": 4, "fields": {"user": 4, "appartament": 4, "type_electric_meter": "2", "is_active": true, "created": "2021-04-13T02:19:47.997Z", "updated": "2021-04-13T02:30:06.669Z"}}, {"model": "mainapp.userprofile", "pk": 5, "fields": {"user": 5, "appartament": 1, "type_electric_meter": "2", "is_active": true, "created": "2021-04-13T02:22:18.444Z", "updated": "2021-04-13T02:26:31.610Z"}}, {"model": "mainapp.subsidies", "pk": 1, "fields": {"user": 5, "service": 2, "sale": 5, "is_active": true, "created": "2021-04-13T02:34:05.053Z", "updated": "2021-04-13T02:34:05.053Z", "desc": "\u0417\u0430 \u0437\u0430\u0441\u043b\u0443\u0433\u0438 \u043f\u0435\u0440\u0435\u0434 \u043e\u0442\u0435\u0447\u0435\u0441\u0442\u0432\u043e\u043c"}}, {"model": "mainapp.subsidies", "pk": 2, "fields": {"user": 2, "service": 3, "sale": 7, "is_active": true, "created": "2021-04-13T02:34:26.917Z", "updated": "2021-04-13T02:34:26.917Z", "desc": "\u0421\u0435\u0432\u0435\u0440\u044f\u043d\u0438\u043d"}}, {"model": "mainapp.subsidies", "pk": 3, "fields": {"user": 2, "service": 5, "sale": 7, "is_active": true, "created": "2021-04-13T02:34:46.564Z", "updated": "2021-04-13T02:34:46.564Z", "desc": "\u0421\u0435\u0432\u0435\u0440\u044f\u043d\u0438\u043d"}}, {"model": "mainapp.subsidies", "pk": 4, "fields": {"user": 2, "service": 2, "sale": 10, "is_active": true, "created": "2021-04-13T02:35:12.377Z", "updated": "2021-04-13T02:35:58.678Z", "desc": ""}}, {"model": "mainapp.privileges", "pk": 1, "fields": {"user": 4, "service": 2, "sale": 30, "is_active": true, "created": "2021-04-13T02:37:04.538Z", "updated": "2021-04-13T02:37:04.538Z", "desc": ""}}, {"model": "mainapp.privileges", "pk": 2, "fields": {"user": 4, "service": 3, "sale": 50, "is_active": true, "created": "2021-04-13T02:37:16.897Z", "updated": "2021-04-13T02:37:16.897Z", "desc": ""}}, {"model": "mainapp.privileges", "pk": 3, "fields": {"user": 4, "service": 6, "sale": 50, "is_active": true, "created": "2021-04-13T02:37:27.660Z", "updated": "2021-04-13T02:37:27.660Z", "desc": ""}}]