[{"model": "contenttypes.contenttype", "pk": 1, "fields": {"app_label": "admin", "model": "logentry"}}, {"model": "contenttypes.contenttype", "pk": 2, "fields": {"app_label": "auth", "model": "permission"}}, {"model": "contenttypes.contenttype", "pk": 3, "fields": {"app_label": "auth", "model": "group"}}, {"model": "contenttypes.contenttype", "pk": 4, "fields": {"app_label": "contenttypes", "model": "contenttype"}}, {"model": "contenttypes.contenttype", "pk": 5, "fields": {"app_label": "sessions", "model": "session"}}, {"model": "contenttypes.contenttype", "pk": 6, "fields": {"app_label": "mainapp", "model": "city"}}, {"model": "contenttypes.contenttype", "pk": 7, "fields": {"app_label": "mainapp", "model": "house"}}, {"model": "contenttypes.contenttype", "pk": 8, "fields": {"app_label": "mainapp", "model": "metrics"}}, {"model": "contenttypes.contenttype", "pk": 9, "fields": {"app_label": "mainapp", "model": "services"}}, {"model": "contenttypes.contenttype", "pk": 10, "fields": {"app_label": "mainapp", "model": "servicescategory"}}, {"model": "contenttypes.contenttype", "pk": 11, "fields": {"app_label": "mainapp", "model": "street"}}, {"model": "contenttypes.contenttype", "pk": 12, "fields": {"app_label": "mainapp", "model": "variablepayments"}}, {"model": "contenttypes.contenttype", "pk": 13, "fields": {"app_label": "mainapp", "model": "userprofile"}}, {"model": "contenttypes.contenttype", "pk": 14, "fields": {"app_label": "mainapp", "model": "uk"}}, {"model": "contenttypes.contenttype", "pk": 15, "fields": {"app_label": "mainapp", "model": "subsidies"}}, {"model": "contenttypes.contenttype", "pk": 16, "fields": {"app_label": "mainapp", "model": "standart"}}, {"model": "contenttypes.contenttype", "pk": 17, "fields": {"app_label": "mainapp", "model": "recalculations"}}, {"model": "contenttypes.contenttype", "pk": 18, "fields": {"app_label": "mainapp", "model": "profit"}}, {"model": "contenttypes.contenttype", "pk": 19, "fields": {"app_label": "mainapp", "model": "privileges"}}, {"model": "contenttypes.contenttype", "pk": 20, "fields": {"app_label": "mainapp", "model": "personalaccountstatus"}}, {"model": "contenttypes.contenttype", "pk": 21, "fields": {"app_label": "mainapp", "model": "payment"}}, {"model": "contenttypes.contenttype", "pk": 22, "fields": {"app_label": "mainapp", "model": "mainbook"}}, {"model": "contenttypes.contenttype", "pk": 23, "fields": {"app_label": "mainapp", "model": "househistory"}}, {"model": "contenttypes.contenttype", "pk": 24, "fields": {"app_label": "mainapp", "model": "housecurrent"}}, {"model": "contenttypes.contenttype", "pk": 25, "fields": {"app_label": "mainapp", "model": "historycounter"}}, {"model": "contenttypes.contenttype", "pk": 26, "fields": {"app_label": "mainapp", "model": "headerdata"}}, {"model": "contenttypes.contenttype", "pk": 27, "fields": {"app_label": "mainapp", "model": "currentcounter"}}, {"model": "contenttypes.contenttype", "pk": 28, "fields": {"app_label": "mainapp", "model": "constantpayments"}}, {"model": "contenttypes.contenttype", "pk": 29, "fields": {"app_label": "mainapp", "model": "appartament"}}, {"model": "contenttypes.contenttype", "pk": 30, "fields": {"app_label": "authnapp", "model": "user"}}, {"model": "contenttypes.contenttype", "pk": 31, "fields": {"app_label": "mainapp", "model": "postnews"}}, {"model": "sessions.session", "pk": "76hx3crjkdlu3ic4siuzv2pbfj9sn8on", "fields": {"session_data": "MDMzZTIyNjE1NmFhNWEyZDNmMDhlN2QyODZkZDk5ZWNhMGQ2ZDQ1Mzp7Il9hdXRoX3VzZXJfaWQiOiIyIiwiX2F1dGhfdXNlcl9iYWNrZW5kIjoiZGphbmdvLmNvbnRyaWIuYXV0aC5iYWNrZW5kcy5Nb2RlbEJhY2tlbmQiLCJfYXV0aF91c2VyX2hhc2giOiI1MmRjZDNkNzhmZmVjYTY4OWVmYjUwMGVmNTFkZTU4YjZkM2I1Nzc5In0=", "expire_date": "2021-07-09T13:06:22.999Z"}}, {"model": "mainapp.postnews", "pk": 1, "fields": {"title": "News title", "content": "Lorem ipsum dolor sit amet, consectetur adipisicing elit. Ullam totam reprehenderit aliquam maxime sapiente quos, quo assumenda consequuntur incidunt dolorum ut unde dolor quia laboriosam amet veritatis delectus soluta sit! Lorem ipsum dolor sit amet, consectetur\r\nadipisicing elit. Ullam totam reprehenderit aliquam maxime sapiente quos, quo assumenda\r\nconsequuntur incidunt dolorum ut unde dolor quia laboriosam amet veritatis delectus soluta\r\nsit! Lorem ipsum dolor sit amet, consectetur adipisicing elit. Ullam totam reprehenderit\r\naliquam maxime sapiente quos, quo assumenda consequuntur incidunt dolorum ut unde dolor quia\r\nlaboriosam amet veritatis delectus soluta sit! Lorem ipsum dolor sit amet, consectetur\r\nadipisicing elit. Ullam totam reprehenderit aliquam maxime sapiente quos, quo assumenda\r\nconsequuntur incidunt dolorum ut unde dolor quia laboriosam amet veritatis delectus soluta\r\nsit! Lorem ipsum dolor sit amet, consectetur adipisicing elit. Ullam totam reprehenderit\r\naliquam maxime sapiente quos, quo assumenda consequuntur incidunt dolorum ut unde dolor quia\r\nlaboriosam amet veritatis delectus soluta sit!", "is_active": true, "created": "2021-06-25T10:49:42.133Z", "updated": "2021-06-25T10:49:42.133Z"}}, {"model": "mainapp.postnews", "pk": 2, "fields": {"title": "News title", "content": "Lorem ipsum dolor sit amet, consectetur adipisicing elit. Ullam totam reprehenderit aliquam maxime sapiente quos, quo assumenda consequuntur incidunt dolorum ut unde dolor quia laboriosam amet veritatis delectus soluta sit! Lorem ipsum dolor sit amet, consectetur\r\nadipisicing elit. Ullam totam reprehenderit aliquam maxime sapiente quos, quo assumenda\r\nconsequuntur incidunt dolorum ut unde dolor quia laboriosam amet veritatis delectus soluta\r\nsit! Lorem ipsum dolor sit amet, consectetur adipisicing elit. Ullam totam reprehenderit\r\naliquam maxime sapiente quos, quo assumenda consequuntur incidunt dolorum ut unde dolor quia\r\nlaboriosam amet veritatis delectus soluta sit! Lorem ipsum dolor sit amet, consectetur\r\nadipisicing elit. Ullam totam reprehenderit aliquam maxime sapiente quos, quo assumenda\r\nconsequuntur incidunt dolorum ut unde dolor quia laboriosam amet veritatis delectus soluta\r\nsit! Lorem ipsum dolor sit amet, consectetur adipisicing elit. Ullam totam reprehenderit\r\naliquam maxime sapiente quos, quo assumenda consequuntur incidunt dolorum ut unde dolor quia\r\nlaboriosam amet veritatis delectus soluta sit!", "is_active": true, "created": "2021-06-25T10:50:05.181Z", "updated": "2021-06-25T10:50:05.181Z"}}, {"model": "mainapp.postnews", "pk": 3, "fields": {"title": "New UK", "content": "Lorem ipsum dolor sit amet, consectetur adipisicing elit. Ullam totam reprehenderit aliquam maxime sapiente quos, quo assumenda consequuntur incidunt dolorum ut unde dolor quia laboriosam amet veritatis delectus soluta sit! Lorem ipsum dolor sit amet, consectetur\r\nadipisicing elit. Ullam totam reprehenderit aliquam maxime sapiente quos, quo assumenda\r\nconsequuntur incidunt dolorum ut unde dolor quia laboriosam amet veritatis delectus soluta\r\nsit! Lorem ipsum dolor sit amet, consectetur adipisicing elit. Ullam totam reprehenderit\r\naliquam maxime sapiente quos, quo assumenda consequuntur incidunt dolorum ut unde dolor quia\r\nlaboriosam amet veritatis delectus soluta sit! Lorem ipsum dolor sit amet, consectetur\r\nadipisicing elit. Ullam totam reprehenderit aliquam maxime sapiente quos, quo assumenda\r\nconsequuntur incidunt dolorum ut unde dolor quia laboriosam amet veritatis delectus soluta\r\nsit! Lorem ipsum dolor sit amet, consectetur adipisicing elit. Ullam totam reprehenderit\r\naliquam maxime sapiente quos, quo assumenda consequuntur incidunt dolorum ut unde dolor quia\r\nlaboriosam amet veritatis delectus soluta sit!", "is_active": true, "created": "2021-06-25T10:50:16.159Z", "updated": "2021-06-25T10:50:16.159Z"}}, {"model": "mainapp.postnews", "pk": 4, "fields": {"title": "New People", "content": "Lorem ipsum dolor sit amet, consectetur adipisicing elit. Ullam totam reprehenderit aliquam maxime sapiente quos, quo assumenda consequuntur incidunt dolorum ut unde dolor quia laboriosam amet veritatis delectus soluta sit! Lorem ipsum dolor sit amet, consectetur\r\nadipisicing elit. Ullam totam reprehenderit aliquam maxime sapiente quos, quo assumenda\r\nconsequuntur incidunt dolorum ut unde dolor quia laboriosam amet veritatis delectus soluta\r\nsit! Lorem ipsum dolor sit amet, consectetur adipisicing elit. Ullam totam reprehenderit\r\naliquam maxime sapiente quos, quo assumenda consequuntur incidunt dolorum ut unde dolor quia\r\nlaboriosam amet veritatis delectus soluta sit! Lorem ipsum dolor sit amet, consectetur\r\nadipisicing elit. Ullam totam reprehenderit aliquam maxime sapiente quos, quo assumenda\r\nconsequuntur incidunt dolorum ut unde dolor quia laboriosam amet veritatis delectus soluta\r\nsit! Lorem ipsum dolor sit amet, consectetur adipisicing elit. Ullam totam reprehenderit\r\naliquam maxime sapiente quos, quo assumenda consequuntur incidunt dolorum ut unde dolor quia\r\nlaboriosam amet veritatis delectus soluta sit!", "is_active": true, "created": "2021-06-25T10:50:27.129Z", "updated": "2021-06-25T10:50:27.129Z"}}, {"model": "mainapp.postnews", "pk": 5, "fields": {"title": "Ney York", "content": "Lorem ipsum dolor sit amet, consectetur adipisicing elit. Ullam totam reprehenderit aliquam maxime sapiente quos, quo assumenda consequuntur incidunt dolorum ut unde dolor quia laboriosam amet veritatis delectus soluta sit! Lorem ipsum dolor sit amet, consectetur\r\nadipisicing elit. Ullam totam reprehenderit aliquam maxime sapiente quos, quo assumenda\r\nconsequuntur incidunt dolorum ut unde dolor quia laboriosam amet veritatis delectus soluta\r\nsit! Lorem ipsum dolor sit amet, consectetur adipisicing elit. Ullam totam reprehenderit\r\naliquam maxime sapiente quos, quo assumenda consequuntur incidunt dolorum ut unde dolor quia\r\nlaboriosam amet veritatis delectus soluta sit! Lorem ipsum dolor sit amet, consectetur\r\nadipisicing elit. Ullam totam reprehenderit aliquam maxime sapiente quos, quo assumenda\r\nconsequuntur incidunt dolorum ut unde dolor quia laboriosam amet veritatis delectus soluta\r\nsit! Lorem ipsum dolor sit amet, consectetur adipisicing elit. Ullam totam reprehenderit\r\naliquam maxime sapiente quos, quo assumenda consequuntur incidunt dolorum ut unde dolor quia\r\nlaboriosam amet veritatis delectus soluta sit!", "is_active": true, "created": "2021-06-25T10:50:36.643Z", "updated": "2021-06-25T10:50:36.643Z"}}, {"model": "mainapp.servicescategory", "pk": 1, "fields": {"name": "\u0411\u0430\u0437\u043e\u0432\u0430\u044f", "is_active": true, "created": "2021-06-09T10:35:38.052Z", "updated": "2021-06-09T10:35:38.052Z"}}, {"model": "mainapp.metrics", "pk": 1, "fields": {"name": "\u043c2", "is_active": true, "created": "2021-06-09T10:34:28.521Z", "updated": "2021-06-09T10:34:28.521Z"}}, {"model": "mainapp.metrics", "pk": 2, "fields": {"name": "\u043c3", "is_active": true, "created": "2021-06-09T10:34:31.574Z", "updated": "2021-06-09T10:34:31.574Z"}}, {"model": "mainapp.metrics", "pk": 3, "fields": {"name": "\u043a\u0412\u0442.\u0447", "is_active": true, "created": "2021-06-09T10:34:38.051Z", "updated": "2021-06-09T10:34:38.051Z"}}, {"model": "mainapp.metrics", "pk": 4, "fields": {"name": "\u0447\u0435\u043b", "is_active": true, "created": "2021-06-09T10:34:42.790Z", "updated": "2021-06-09T10:34:42.790Z"}}, {"model": "mainapp.metrics", "pk": 5, "fields": {"name": "\u043a\u0432", "is_active": true, "created": "2021-06-09T10:34:45.509Z", "updated": "2021-06-09T10:34:45.509Z"}}, {"model": "mainapp.metrics", "pk": 6, "fields": {"name": "\u0448\u0442", "is_active": true, "created": "2021-06-09T10:34:49.040Z", "updated": "2021-06-09T10:34:49.040Z"}}, {"model": "mainapp.metrics", "pk": 7, "fields": {"name": "\u0413\u043a\u0430\u043b", "is_active": true, "created": "2021-06-09T10:35:03.233Z", "updated": "2021-06-09T10:35:03.233Z"}}, {"model": "mainapp.services", "pk": 1, "fields": {"category": 1, "name": "\u0425\u043e\u043b\u043e\u0434\u043d\u0430\u044f \u0432\u043e\u0434\u0430", "unit": 2, "rate": "32.450", "factor": "1.00", "const": false, "is_active": true, "created": "2021-06-09T12:14:26.286Z", "updated": "2021-06-09T12:14:26.286Z"}}, {"model": "mainapp.services", "pk": 2, "fields": {"category": 1, "name": "\u0413\u043e\u0440\u044f\u0447\u0430\u044f \u0432\u043e\u0434\u0430", "unit": 2, "rate": "65.450", "factor": "1.00", "const": false, "is_active": true, "created": "2021-06-09T12:14:41.340Z", "updated": "2021-06-15T09:20:00.430Z"}}, {"model": "mainapp.services", "pk": 3, "fields": {"category": 1, "name": "\u0412\u043e\u0434\u043e\u043e\u0442\u0432\u0435\u0434\u0435\u043d\u0438\u0435", "unit": 2, "rate": "20.530", "factor": "1.00", "const": false, "is_active": true, "created": "2021-06-09T12:15:06.222Z", "updated": "2021-06-15T09:20:42.381Z"}}, {"model": "mainapp.services", "pk": 4, "fields": {"category": 1, "name": "\u041a\u0430\u043f\u0438\u0442\u0430\u043b\u044c\u043d\u044b\u0439 \u0440\u0435\u043c\u043e\u043d\u0442", "unit": 1, "rate": "7.500", "factor": "1.00", "const": true, "is_active": true, "created": "2021-06-09T12:15:23.809Z", "updated": "2021-06-12T07:49:09.799Z"}}, {"model": "mainapp.services", "pk": 5, "fields": {"category": 1, "name": "\u0412\u044b\u0432\u043e\u0437 \u0422\u0411\u041e", "unit": 4, "rate": "141.500", "factor": "1.00", "const": true, "is_active": true, "created": "2021-06-09T12:16:07.263Z", "updated": "2021-06-09T12:16:07.263Z"}}, {"model": "mainapp.services", "pk": 6, "fields": {"category": 1, "name": "\u041e\u0431\u0441\u043b\u0443\u0436\u0438\u0432\u0430\u043d\u0438\u0435 \u0434\u043e\u043c\u0430", "unit": 1, "rate": "3.100", "factor": "1.00", "const": true, "is_active": true, "created": "2021-06-09T12:18:04.222Z", "updated": "2021-06-12T07:48:18.225Z"}}, {"model": "mainapp.services", "pk": 7, "fields": {"category": 1, "name": "\u0421\u043e\u0434\u0435\u0440\u0436\u0430\u043d\u0438\u0435 \u043f\u0440\u0438\u0434\u043e\u043c\u043e\u0432\u043e\u0439 \u0442\u0435\u0440\u0440\u0438\u0442\u043e\u0440\u0438\u0438", "unit": 1, "rate": "4.180", "factor": "1.00", "const": true, "is_active": true, "created": "2021-06-09T12:18:38.092Z", "updated": "2021-06-12T07:48:40.416Z"}}, {"model": "mainapp.city", "pk": 1, "fields": {"city": "\u0422\u044e\u043c\u0435\u043d\u044c", "is_active": true, "created": "2021-06-09T10:33:33.256Z", "updated": "2021-06-09T10:33:33.256Z"}}, {"model": "mainapp.street", "pk": 1, "fields": {"city": 1, "street": "\u0421\u043e\u0432\u0435\u0442\u0441\u043a\u0430\u044f", "is_active": true, "created": "2021-06-09T10:33:44.107Z", "updated": "2021-06-09T10:33:44.107Z"}}, {"model": "mainapp.street", "pk": 2, "fields": {"city": 1, "street": "\u041c\u043e\u043b\u043e\u0434\u0435\u0436\u043d\u0430\u044f", "is_active": true, "created": "2021-06-09T10:33:50.889Z", "updated": "2021-06-09T10:33:50.889Z"}}, {"model": "mainapp.street", "pk": 3, "fields": {"city": 1, "street": "\u0426\u0435\u043d\u0442\u0440\u0430\u043b\u044c\u043d\u0430\u044f", "is_active": true, "created": "2021-06-09T10:33:58.101Z", "updated": "2021-06-09T10:33:58.101Z"}}, {"model": "mainapp.street", "pk": 4, "fields": {"city": 1, "street": "\u0417\u0435\u043b\u0435\u043d\u0430\u044f", "is_active": true, "created": "2021-06-09T10:34:16.623Z", "updated": "2021-06-09T10:34:16.623Z"}}, {"model": "mainapp.uk", "pk": 1, "fields": {"name": "\u041e\u041e\u041e \u041d\u043e\u0432\u044b\u0439 \u0433\u043e\u0440\u043e\u0434", "city": 1, "street": 2, "num_building": "1", "phone": "78980988090", "email": "uk@gmail.com", "inn": "7897897988", "ps": "98685678456898589679", "bik": "8567869578", "ks": "85698687956785678968", "bank": "\u041e\u0410\u041e \u0410\u043b\u044c\u0444\u0430-\u0411\u0430\u0440\u043a", "web_addr": "www.uk.ru", "is_active": true, "created": "2021-06-09T10:37:58.799Z", "updated": "2021-06-09T10:37:58.799Z"}}, {"model": "mainapp.house", "pk": 1, "fields": {"city": 1, "street": 4, "number": "1", "add_number": "-", "sq_home": "7655.00", "uk": 1, "category_rate": 1, "is_active": true, "created": "2021-06-09T12:27:59.358Z", "updated": "2021-06-09T12:27:59.358Z"}}, {"model": "mainapp.house", "pk": 2, "fields": {"city": 1, "street": 4, "number": "2", "add_number": "-", "sq_home": "7654.00", "uk": 1, "category_rate": 1, "is_active": true, "created": "2021-06-09T12:28:17.488Z", "updated": "2021-06-09T12:28:17.488Z"}}, {"model": "mainapp.housecurrent", "pk": 1, "fields": {"period": "2021-06-01", "house": 1, "col_water": 10850, "hot_water": 10700, "electric_day": null, "electric_night": null, "created": "2021-06-16T13:02:28.510Z", "updated": "2021-06-16T13:02:28.510Z"}}, {"model": "mainapp.housecurrent", "pk": 2, "fields": {"period": "2021-06-01", "house": 2, "col_water": 1000, "hot_water": 1000, "electric_day": null, "electric_night": null, "created": "2021-06-16T13:02:44.667Z", "updated": "2021-06-25T08:34:02.283Z"}}, {"model": "mainapp.househistory", "pk": 1, "fields": {"period": "2021-06-01", "house": 1, "col_water": 10000, "hot_water": 10000, "electric_day": 10000, "electric_night": 10000, "created": "2021-06-12T19:39:48.069Z", "updated": "2021-06-12T19:39:48.069Z"}}, {"model": "mainapp.househistory", "pk": 2, "fields": {"period": "2021-06-01", "house": 2, "col_water": 10000, "hot_water": 10000, "electric_day": 10000, "electric_night": 10000, "created": "2021-06-12T19:40:03.670Z", "updated": "2021-06-12T19:40:03.670Z"}}, {"model": "mainapp.standart", "pk": 1, "fields": {"period": "2021-06-01", "house": 1, "col_water": "0.11", "hot_water": "0.09", "electric_day": null, "electric_night": null, "created": "2021-06-16T13:02:28.567Z", "updated": "2021-06-16T13:02:28.567Z"}}, {"model": "mainapp.standart", "pk": 2, "fields": {"period": "2021-06-01", "house": 2, "col_water": "-1.18", "hot_water": "-1.18", "electric_day": null, "electric_night": null, "created": "2021-06-16T13:02:44.692Z", "updated": "2021-06-25T08:34:02.311Z"}}, {"model": "auth.permission", "pk": 1, "fields": {"name": "Can add log entry", "content_type": 1, "codename": "add_logentry"}}, {"model": "auth.permission", "pk": 2, "fields": {"name": "Can change log entry", "content_type": 1, "codename": "change_logentry"}}, {"model": "auth.permission", "pk": 3, "fields": {"name": "Can delete log entry", "content_type": 1, "codename": "delete_logentry"}}, {"model": "auth.permission", "pk": 4, "fields": {"name": "Can view log entry", "content_type": 1, "codename": "view_logentry"}}, {"model": "auth.permission", "pk": 5, "fields": {"name": "Can add permission", "content_type": 2, "codename": "add_permission"}}, {"model": "auth.permission", "pk": 6, "fields": {"name": "Can change permission", "content_type": 2, "codename": "change_permission"}}, {"model": "auth.permission", "pk": 7, "fields": {"name": "Can delete permission", "content_type": 2, "codename": "delete_permission"}}, {"model": "auth.permission", "pk": 8, "fields": {"name": "Can view permission", "content_type": 2, "codename": "view_permission"}}, {"model": "auth.permission", "pk": 9, "fields": {"name": "Can add group", "content_type": 3, "codename": "add_group"}}, {"model": "auth.permission", "pk": 10, "fields": {"name": "Can change group", "content_type": 3, "codename": "change_group"}}, {"model": "auth.permission", "pk": 11, "fields": {"name": "Can delete group", "content_type": 3, "codename": "delete_group"}}, {"model": "auth.permission", "pk": 12, "fields": {"name": "Can view group", "content_type": 3, "codename": "view_group"}}, {"model": "auth.permission", "pk": 13, "fields": {"name": "Can add content type", "content_type": 4, "codename": "add_contenttype"}}, {"model": "auth.permission", "pk": 14, "fields": {"name": "Can change content type", "content_type": 4, "codename": "change_contenttype"}}, {"model": "auth.permission", "pk": 15, "fields": {"name": "Can delete content type", "content_type": 4, "codename": "delete_contenttype"}}, {"model": "auth.permission", "pk": 16, "fields": {"name": "Can view content type", "content_type": 4, "codename": "view_contenttype"}}, {"model": "auth.permission", "pk": 17, "fields": {"name": "Can add session", "content_type": 5, "codename": "add_session"}}, {"model": "auth.permission", "pk": 18, "fields": {"name": "Can change session", "content_type": 5, "codename": "change_session"}}, {"model": "auth.permission", "pk": 19, "fields": {"name": "Can delete session", "content_type": 5, "codename": "delete_session"}}, {"model": "auth.permission", "pk": 20, "fields": {"name": "Can view session", "content_type": 5, "codename": "view_session"}}, {"model": "auth.permission", "pk": 21, "fields": {"name": "Can add \u0413\u043e\u0440\u043e\u0434", "content_type": 6, "codename": "add_city"}}, {"model": "auth.permission", "pk": 22, "fields": {"name": "Can change \u0413\u043e\u0440\u043e\u0434", "content_type": 6, "codename": "change_city"}}, {"model": "auth.permission", "pk": 23, "fields": {"name": "Can delete \u0413\u043e\u0440\u043e\u0434", "content_type": 6, "codename": "delete_city"}}, {"model": "auth.permission", "pk": 24, "fields": {"name": "Can view \u0413\u043e\u0440\u043e\u0434", "content_type": 6, "codename": "view_city"}}, {"model": "auth.permission", "pk": 25, "fields": {"name": "Can add \u0414\u043e\u043c", "content_type": 7, "codename": "add_house"}}, {"model": "auth.permission", "pk": 26, "fields": {"name": "Can change \u0414\u043e\u043c", "content_type": 7, "codename": "change_house"}}, {"model": "auth.permission", "pk": 27, "fields": {"name": "Can delete \u0414\u043e\u043c", "content_type": 7, "codename": "delete_house"}}, {"model": "auth.permission", "pk": 28, "fields": {"name": "Can view \u0414\u043e\u043c", "content_type": 7, "codename": "view_house"}}, {"model": "auth.permission", "pk": 29, "fields": {"name": "Can add \u0415\u0434\u0438\u043d\u0438\u0446\u0430 \u0438\u0437\u043c\u0435\u0440\u0435\u043d\u0438\u044f", "content_type": 8, "codename": "add_metrics"}}, {"model": "auth.permission", "pk": 30, "fields": {"name": "Can change \u0415\u0434\u0438\u043d\u0438\u0446\u0430 \u0438\u0437\u043c\u0435\u0440\u0435\u043d\u0438\u044f", "content_type": 8, "codename": "change_metrics"}}, {"model": "auth.permission", "pk": 31, "fields": {"name": "Can delete \u0415\u0434\u0438\u043d\u0438\u0446\u0430 \u0438\u0437\u043c\u0435\u0440\u0435\u043d\u0438\u044f", "content_type": 8, "codename": "delete_metrics"}}, {"model": "auth.permission", "pk": 32, "fields": {"name": "Can view \u0415\u0434\u0438\u043d\u0438\u0446\u0430 \u0438\u0437\u043c\u0435\u0440\u0435\u043d\u0438\u044f", "content_type": 8, "codename": "view_metrics"}}, {"model": "auth.permission", "pk": 33, "fields": {"name": "Can add \u0423\u0441\u043b\u0443\u0433\u0443", "content_type": 9, "codename": "add_services"}}, {"model": "auth.permission", "pk": 34, "fields": {"name": "Can change \u0423\u0441\u043b\u0443\u0433\u0443", "content_type": 9, "codename": "change_services"}}, {"model": "auth.permission", "pk": 35, "fields": {"name": "Can delete \u0423\u0441\u043b\u0443\u0433\u0443", "content_type": 9, "codename": "delete_services"}}, {"model": "auth.permission", "pk": 36, "fields": {"name": "Can view \u0423\u0441\u043b\u0443\u0433\u0443", "content_type": 9, "codename": "view_services"}}, {"model": "auth.permission", "pk": 37, "fields": {"name": "Can add \u041a\u0430\u0442\u0435\u0433\u043e\u0440\u0438\u044f \u0443\u0441\u043b\u0443\u0433", "content_type": 10, "codename": "add_servicescategory"}}, {"model": "auth.permission", "pk": 38, "fields": {"name": "Can change \u041a\u0430\u0442\u0435\u0433\u043e\u0440\u0438\u044f \u0443\u0441\u043b\u0443\u0433", "content_type": 10, "codename": "change_servicescategory"}}, {"model": "auth.permission", "pk": 39, "fields": {"name": "Can delete \u041a\u0430\u0442\u0435\u0433\u043e\u0440\u0438\u044f \u0443\u0441\u043b\u0443\u0433", "content_type": 10, "codename": "delete_servicescategory"}}, {"model": "auth.permission", "pk": 40, "fields": {"name": "Can view \u041a\u0430\u0442\u0435\u0433\u043e\u0440\u0438\u044f \u0443\u0441\u043b\u0443\u0433", "content_type": 10, "codename": "view_servicescategory"}}, {"model": "auth.permission", "pk": 41, "fields": {"name": "Can add \u0423\u043b\u0438\u0446\u0430", "content_type": 11, "codename": "add_street"}}, {"model": "auth.permission", "pk": 42, "fields": {"name": "Can change \u0423\u043b\u0438\u0446\u0430", "content_type": 11, "codename": "change_street"}}, {"model": "auth.permission", "pk": 43, "fields": {"name": "Can delete \u0423\u043b\u0438\u0446\u0430", "content_type": 11, "codename": "delete_street"}}, {"model": "auth.permission", "pk": 44, "fields": {"name": "Can view \u0423\u043b\u0438\u0446\u0430", "content_type": 11, "codename": "view_street"}}, {"model": "auth.permission", "pk": 45, "fields": {"name": "Can add \u041f\u043b\u0430\u0442\u0435\u0436 (\u043f\u0435\u0440\u0435\u043f\u0435\u043d\u043d\u044b\u0435)", "content_type": 12, "codename": "add_variablepayments"}}, {"model": "auth.permission", "pk": 46, "fields": {"name": "Can change \u041f\u043b\u0430\u0442\u0435\u0436 (\u043f\u0435\u0440\u0435\u043f\u0435\u043d\u043d\u044b\u0435)", "content_type": 12, "codename": "change_variablepayments"}}, {"model": "auth.permission", "pk": 47, "fields": {"name": "Can delete \u041f\u043b\u0430\u0442\u0435\u0436 (\u043f\u0435\u0440\u0435\u043f\u0435\u043d\u043d\u044b\u0435)", "content_type": 12, "codename": "delete_variablepayments"}}, {"model": "auth.permission", "pk": 48, "fields": {"name": "Can view \u041f\u043b\u0430\u0442\u0435\u0436 (\u043f\u0435\u0440\u0435\u043f\u0435\u043d\u043d\u044b\u0435)", "content_type": 12, "codename": "view_variablepayments"}}, {"model": "auth.permission", "pk": 49, "fields": {"name": "Can add \u041f\u0440\u043e\u0444\u0438\u043b\u044c", "content_type": 13, "codename": "add_userprofile"}}, {"model": "auth.permission", "pk": 50, "fields": {"name": "Can change \u041f\u0440\u043e\u0444\u0438\u043b\u044c", "content_type": 13, "codename": "change_userprofile"}}, {"model": "auth.permission", "pk": 51, "fields": {"name": "Can delete \u041f\u0440\u043e\u0444\u0438\u043b\u044c", "content_type": 13, "codename": "delete_userprofile"}}, {"model": "auth.permission", "pk": 52, "fields": {"name": "Can view \u041f\u0440\u043e\u0444\u0438\u043b\u044c", "content_type": 13, "codename": "view_userprofile"}}, {"model": "auth.permission", "pk": 53, "fields": {"name": "Can add \u0423\u043f\u0440\u0430\u0432\u043b\u044f\u044e\u0449\u0430\u044f \u043a\u043e\u043c\u043f\u0430\u043d\u0438\u044f", "content_type": 14, "codename": "add_uk"}}, {"model": "auth.permission", "pk": 54, "fields": {"name": "Can change \u0423\u043f\u0440\u0430\u0432\u043b\u044f\u044e\u0449\u0430\u044f \u043a\u043e\u043c\u043f\u0430\u043d\u0438\u044f", "content_type": 14, "codename": "change_uk"}}, {"model": "auth.permission", "pk": 55, "fields": {"name": "Can delete \u0423\u043f\u0440\u0430\u0432\u043b\u044f\u044e\u0449\u0430\u044f \u043a\u043e\u043c\u043f\u0430\u043d\u0438\u044f", "content_type": 14, "codename": "delete_uk"}}, {"model": "auth.permission", "pk": 56, "fields": {"name": "Can view \u0423\u043f\u0440\u0430\u0432\u043b\u044f\u044e\u0449\u0430\u044f \u043a\u043e\u043c\u043f\u0430\u043d\u0438\u044f", "content_type": 14, "codename": "view_uk"}}, {"model": "auth.permission", "pk": 57, "fields": {"name": "Can add \u0421\u0443\u0431\u0441\u0438\u0434\u0438\u044f", "content_type": 15, "codename": "add_subsidies"}}, {"model": "auth.permission", "pk": 58, "fields": {"name": "Can change \u0421\u0443\u0431\u0441\u0438\u0434\u0438\u044f", "content_type": 15, "codename": "change_subsidies"}}, {"model": "auth.permission", "pk": 59, "fields": {"name": "Can delete \u0421\u0443\u0431\u0441\u0438\u0434\u0438\u044f", "content_type": 15, "codename": "delete_subsidies"}}, {"model": "auth.permission", "pk": 60, "fields": {"name": "Can view \u0421\u0443\u0431\u0441\u0438\u0434\u0438\u044f", "content_type": 15, "codename": "view_subsidies"}}, {"model": "auth.permission", "pk": 61, "fields": {"name": "Can add \u041d\u043e\u0440\u043c\u0430\u0442\u0438\u0432", "content_type": 16, "codename": "add_standart"}}, {"model": "auth.permission", "pk": 62, "fields": {"name": "Can change \u041d\u043e\u0440\u043c\u0430\u0442\u0438\u0432", "content_type": 16, "codename": "change_standart"}}, {"model": "auth.permission", "pk": 63, "fields": {"name": "Can delete \u041d\u043e\u0440\u043c\u0430\u0442\u0438\u0432", "content_type": 16, "codename": "delete_standart"}}, {"model": "auth.permission", "pk": 64, "fields": {"name": "Can view \u041d\u043e\u0440\u043c\u0430\u0442\u0438\u0432", "content_type": 16, "codename": "view_standart"}}, {"model": "auth.permission", "pk": 65, "fields": {"name": "Can add \u041f\u0435\u0440\u0435\u0440\u0430\u0441\u0447\u0435\u0442", "content_type": 17, "codename": "add_recalculations"}}, {"model": "auth.permission", "pk": 66, "fields": {"name": "Can change \u041f\u0435\u0440\u0435\u0440\u0430\u0441\u0447\u0435\u0442", "content_type": 17, "codename": "change_recalculations"}}, {"model": "auth.permission", "pk": 67, "fields": {"name": "Can delete \u041f\u0435\u0440\u0435\u0440\u0430\u0441\u0447\u0435\u0442", "content_type": 17, "codename": "delete_recalculations"}}, {"model": "auth.permission", "pk": 68, "fields": {"name": "Can view \u041f\u0435\u0440\u0435\u0440\u0430\u0441\u0447\u0435\u0442", "content_type": 17, "codename": "view_recalculations"}}, {"model": "auth.permission", "pk": 69, "fields": {"name": "Can add \u041d\u0430\u0447\u0438\u0441\u043b\u0435\u043d\u0438\u0435", "content_type": 18, "codename": "add_profit"}}, {"model": "auth.permission", "pk": 70, "fields": {"name": "Can change \u041d\u0430\u0447\u0438\u0441\u043b\u0435\u043d\u0438\u0435", "content_type": 18, "codename": "change_profit"}}, {"model": "auth.permission", "pk": 71, "fields": {"name": "Can delete \u041d\u0430\u0447\u0438\u0441\u043b\u0435\u043d\u0438\u0435", "content_type": 18, "codename": "delete_profit"}}, {"model": "auth.permission", "pk": 72, "fields": {"name": "Can view \u041d\u0430\u0447\u0438\u0441\u043b\u0435\u043d\u0438\u0435", "content_type": 18, "codename": "view_profit"}}, {"model": "auth.permission", "pk": 73, "fields": {"name": "Can add \u041b\u044c\u0433\u043e\u0442\u0430", "content_type": 19, "codename": "add_privileges"}}, {"model": "auth.permission", "pk": 74, "fields": {"name": "Can change \u041b\u044c\u0433\u043e\u0442\u0430", "content_type": 19, "codename": "change_privileges"}}, {"model": "auth.permission", "pk": 75, "fields": {"name": "Can delete \u041b\u044c\u0433\u043e\u0442\u0430", "content_type": 19, "codename": "delete_privileges"}}, {"model": "auth.permission", "pk": 76, "fields": {"name": "Can view \u041b\u044c\u0433\u043e\u0442\u0430", "content_type": 19, "codename": "view_privileges"}}, {"model": "auth.permission", "pk": 77, "fields": {"name": "Can add \u0421\u043e\u0441\u0442\u043e\u044f\u043d\u0438\u0435 \u0441\u0447\u0435\u0442\u0430", "content_type": 20, "codename": "add_personalaccountstatus"}}, {"model": "auth.permission", "pk": 78, "fields": {"name": "Can change \u0421\u043e\u0441\u0442\u043e\u044f\u043d\u0438\u0435 \u0441\u0447\u0435\u0442\u0430", "content_type": 20, "codename": "change_personalaccountstatus"}}, {"model": "auth.permission", "pk": 79, "fields": {"name": "Can delete \u0421\u043e\u0441\u0442\u043e\u044f\u043d\u0438\u0435 \u0441\u0447\u0435\u0442\u0430", "content_type": 20, "codename": "delete_personalaccountstatus"}}, {"model": "auth.permission", "pk": 80, "fields": {"name": "Can view \u0421\u043e\u0441\u0442\u043e\u044f\u043d\u0438\u0435 \u0441\u0447\u0435\u0442\u0430", "content_type": 20, "codename": "view_personalaccountstatus"}}, {"model": "auth.permission", "pk": 81, "fields": {"name": "Can add \u041e\u043f\u043b\u0430\u0442\u0430", "content_type": 21, "codename": "add_payment"}}, {"model": "auth.permission", "pk": 82, "fields": {"name": "Can change \u041e\u043f\u043b\u0430\u0442\u0430", "content_type": 21, "codename": "change_payment"}}, {"model": "auth.permission", "pk": 83, "fields": {"name": "Can delete \u041e\u043f\u043b\u0430\u0442\u0430", "content_type": 21, "codename": "delete_payment"}}, {"model": "auth.permission", "pk": 84, "fields": {"name": "Can view \u041e\u043f\u043b\u0430\u0442\u0430", "content_type": 21, "codename": "view_payment"}}, {"model": "auth.permission", "pk": 85, "fields": {"name": "Can add \u0413\u043b\u0430\u0432\u043d\u0430\u044f \u043a\u043d\u0438\u0433\u0430", "content_type": 22, "codename": "add_mainbook"}}, {"model": "auth.permission", "pk": 86, "fields": {"name": "Can change \u0413\u043b\u0430\u0432\u043d\u0430\u044f \u043a\u043d\u0438\u0433\u0430", "content_type": 22, "codename": "change_mainbook"}}, {"model": "auth.permission", "pk": 87, "fields": {"name": "Can delete \u0413\u043b\u0430\u0432\u043d\u0430\u044f \u043a\u043d\u0438\u0433\u0430", "content_type": 22, "codename": "delete_mainbook"}}, {"model": "auth.permission", "pk": 88, "fields": {"name": "Can view \u0413\u043b\u0430\u0432\u043d\u0430\u044f \u043a\u043d\u0438\u0433\u0430", "content_type": 22, "codename": "view_mainbook"}}, {"model": "auth.permission", "pk": 89, "fields": {"name": "Can add \u0414\u043e\u043c\u043e\u0432\u043e\u0439 \u0441\u0447\u0435\u0442\u0447\u0438\u043a (\u0438\u0441\u0442\u043e\u0440\u0438\u044f)", "content_type": 23, "codename": "add_househistory"}}, {"model": "auth.permission", "pk": 90, "fields": {"name": "Can change \u0414\u043e\u043c\u043e\u0432\u043e\u0439 \u0441\u0447\u0435\u0442\u0447\u0438\u043a (\u0438\u0441\u0442\u043e\u0440\u0438\u044f)", "content_type": 23, "codename": "change_househistory"}}, {"model": "auth.permission", "pk": 91, "fields": {"name": "Can delete \u0414\u043e\u043c\u043e\u0432\u043e\u0439 \u0441\u0447\u0435\u0442\u0447\u0438\u043a (\u0438\u0441\u0442\u043e\u0440\u0438\u044f)", "content_type": 23, "codename": "delete_househistory"}}, {"model": "auth.permission", "pk": 92, "fields": {"name": "Can view \u0414\u043e\u043c\u043e\u0432\u043e\u0439 \u0441\u0447\u0435\u0442\u0447\u0438\u043a (\u0438\u0441\u0442\u043e\u0440\u0438\u044f)", "content_type": 23, "codename": "view_househistory"}}, {"model": "auth.permission", "pk": 93, "fields": {"name": "Can add \u0414\u043e\u043c\u043e\u0432\u043e\u0439 \u0441\u0447\u0435\u0442\u0447\u0438\u043a (\u0442\u0435\u043a\u0443\u0449\u0438\u0439)", "content_type": 24, "codename": "add_housecurrent"}}, {"model": "auth.permission", "pk": 94, "fields": {"name": "Can change \u0414\u043e\u043c\u043e\u0432\u043e\u0439 \u0441\u0447\u0435\u0442\u0447\u0438\u043a (\u0442\u0435\u043a\u0443\u0449\u0438\u0439)", "content_type": 24, "codename": "change_housecurrent"}}, {"model": "auth.permission", "pk": 95, "fields": {"name": "Can delete \u0414\u043e\u043c\u043e\u0432\u043e\u0439 \u0441\u0447\u0435\u0442\u0447\u0438\u043a (\u0442\u0435\u043a\u0443\u0449\u0438\u0439)", "content_type": 24, "codename": "delete_housecurrent"}}, {"model": "auth.permission", "pk": 96, "fields": {"name": "Can view \u0414\u043e\u043c\u043e\u0432\u043e\u0439 \u0441\u0447\u0435\u0442\u0447\u0438\u043a (\u0442\u0435\u043a\u0443\u0449\u0438\u0439)", "content_type": 24, "codename": "view_housecurrent"}}, {"model": "auth.permission", "pk": 97, "fields": {"name": "Can add \u0418\u043d\u0434\u0438\u0432\u0438\u0434. \u0441\u0447\u0435\u0442\u0447\u0438\u043a (\u0438\u0441\u0442\u043e\u0440\u0438\u044f)", "content_type": 25, "codename": "add_historycounter"}}, {"model": "auth.permission", "pk": 98, "fields": {"name": "Can change \u0418\u043d\u0434\u0438\u0432\u0438\u0434. \u0441\u0447\u0435\u0442\u0447\u0438\u043a (\u0438\u0441\u0442\u043e\u0440\u0438\u044f)", "content_type": 25, "codename": "change_historycounter"}}, {"model": "auth.permission", "pk": 99, "fields": {"name": "Can delete \u0418\u043d\u0434\u0438\u0432\u0438\u0434. \u0441\u0447\u0435\u0442\u0447\u0438\u043a (\u0438\u0441\u0442\u043e\u0440\u0438\u044f)", "content_type": 25, "codename": "delete_historycounter"}}, {"model": "auth.permission", "pk": 100, "fields": {"name": "Can view \u0418\u043d\u0434\u0438\u0432\u0438\u0434. \u0441\u0447\u0435\u0442\u0447\u0438\u043a (\u0438\u0441\u0442\u043e\u0440\u0438\u044f)", "content_type": 25, "codename": "view_historycounter"}}, {"model": "auth.permission", "pk": 101, "fields": {"name": "Can add \u041d\u0430\u0447\u0438\u0441\u043b\u0435\u043d\u0438\u0435", "content_type": 26, "codename": "add_headerdata"}}, {"model": "auth.permission", "pk": 102, "fields": {"name": "Can change \u041d\u0430\u0447\u0438\u0441\u043b\u0435\u043d\u0438\u0435", "content_type": 26, "codename": "change_headerdata"}}, {"model": "auth.permission", "pk": 103, "fields": {"name": "Can delete \u041d\u0430\u0447\u0438\u0441\u043b\u0435\u043d\u0438\u0435", "content_type": 26, "codename": "delete_headerdata"}}, {"model": "auth.permission", "pk": 104, "fields": {"name": "Can view \u041d\u0430\u0447\u0438\u0441\u043b\u0435\u043d\u0438\u0435", "content_type": 26, "codename": "view_headerdata"}}, {"model": "auth.permission", "pk": 105, "fields": {"name": "Can add \u0418\u043d\u0434\u0438\u0432\u0438\u0434. \u0441\u0447\u0435\u0442\u0447\u0438\u043a (\u0442\u0435\u043a\u0443\u0449\u0438\u0439)", "content_type": 27, "codename": "add_currentcounter"}}, {"model": "auth.permission", "pk": 106, "fields": {"name": "Can change \u0418\u043d\u0434\u0438\u0432\u0438\u0434. \u0441\u0447\u0435\u0442\u0447\u0438\u043a (\u0442\u0435\u043a\u0443\u0449\u0438\u0439)", "content_type": 27, "codename": "change_currentcounter"}}, {"model": "auth.permission", "pk": 107, "fields": {"name": "Can delete \u0418\u043d\u0434\u0438\u0432\u0438\u0434. \u0441\u0447\u0435\u0442\u0447\u0438\u043a (\u0442\u0435\u043a\u0443\u0449\u0438\u0439)", "content_type": 27, "codename": "delete_currentcounter"}}, {"model": "auth.permission", "pk": 108, "fields": {"name": "Can view \u0418\u043d\u0434\u0438\u0432\u0438\u0434. \u0441\u0447\u0435\u0442\u0447\u0438\u043a (\u0442\u0435\u043a\u0443\u0449\u0438\u0439)", "content_type": 27, "codename": "view_currentcounter"}}, {"model": "auth.permission", "pk": 109, "fields": {"name": "Can add \u041f\u043b\u0430\u0442\u0435\u0436 (\u043f\u043e\u0441\u0442\u043e\u044f\u043d\u043d\u044b\u0435)", "content_type": 28, "codename": "add_constantpayments"}}, {"model": "auth.permission", "pk": 110, "fields": {"name": "Can change \u041f\u043b\u0430\u0442\u0435\u0436 (\u043f\u043e\u0441\u0442\u043e\u044f\u043d\u043d\u044b\u0435)", "content_type": 28, "codename": "change_constantpayments"}}, {"model": "auth.permission", "pk": 111, "fields": {"name": "Can delete \u041f\u043b\u0430\u0442\u0435\u0436 (\u043f\u043e\u0441\u0442\u043e\u044f\u043d\u043d\u044b\u0435)", "content_type": 28, "codename": "delete_constantpayments"}}, {"model": "auth.permission", "pk": 112, "fields": {"name": "Can view \u041f\u043b\u0430\u0442\u0435\u0436 (\u043f\u043e\u0441\u0442\u043e\u044f\u043d\u043d\u044b\u0435)", "content_type": 28, "codename": "view_constantpayments"}}, {"model": "auth.permission", "pk": 113, "fields": {"name": "Can add \u041a\u0432\u0430\u0440\u0442\u0438\u0440\u0430", "content_type": 29, "codename": "add_appartament"}}, {"model": "auth.permission", "pk": 114, "fields": {"name": "Can change \u041a\u0432\u0430\u0440\u0442\u0438\u0440\u0430", "content_type": 29, "codename": "change_appartament"}}, {"model": "auth.permission", "pk": 115, "fields": {"name": "Can delete \u041a\u0432\u0430\u0440\u0442\u0438\u0440\u0430", "content_type": 29, "codename": "delete_appartament"}}, {"model": "auth.permission", "pk": 116, "fields": {"name": "Can view \u041a\u0432\u0430\u0440\u0442\u0438\u0440\u0430", "content_type": 29, "codename": "view_appartament"}}, {"model": "auth.permission", "pk": 117, "fields": {"name": "Can add \u041f\u043e\u043b\u044c\u0437\u043e\u0432\u0430\u0442\u0435\u043b\u044c", "content_type": 30, "codename": "add_user"}}, {"model": "auth.permission", "pk": 118, "fields": {"name": "Can change \u041f\u043e\u043b\u044c\u0437\u043e\u0432\u0430\u0442\u0435\u043b\u044c", "content_type": 30, "codename": "change_user"}}, {"model": "auth.permission", "pk": 119, "fields": {"name": "Can delete \u041f\u043e\u043b\u044c\u0437\u043e\u0432\u0430\u0442\u0435\u043b\u044c", "content_type": 30, "codename": "delete_user"}}, {"model": "auth.permission", "pk": 120, "fields": {"name": "Can view \u041f\u043e\u043b\u044c\u0437\u043e\u0432\u0430\u0442\u0435\u043b\u044c", "content_type": 30, "codename": "view_user"}}, {"model": "auth.permission", "pk": 121, "fields": {"name": "Can add \u041d\u043e\u0432\u043e\u0441\u0442\u044c", "content_type": 31, "codename": "add_postnews"}}, {"model": "auth.permission", "pk": 122, "fields": {"name": "Can change \u041d\u043e\u0432\u043e\u0441\u0442\u044c", "content_type": 31, "codename": "change_postnews"}}, {"model": "auth.permission", "pk": 123, "fields": {"name": "Can delete \u041d\u043e\u0432\u043e\u0441\u0442\u044c", "content_type": 31, "codename": "delete_postnews"}}, {"model": "auth.permission", "pk": 124, "fields": {"name": "Can view \u041d\u043e\u0432\u043e\u0441\u0442\u044c", "content_type": 31, "codename": "view_postnews"}}, {"model": "auth.group", "pk": 1, "fields": {"name": "Client", "permissions": [1, 2, 3, 4, 9, 10, 11, 12, 5, 6, 7, 8, 117, 118, 119, 120, 13, 14, 15, 16, 113, 114, 115, 116, 21, 22, 23, 24, 109, 110, 111, 112, 105, 106, 107, 108, 101, 102, 103, 104, 97, 98, 99, 100, 25, 26, 27, 28, 93, 94, 95, 96, 89, 90, 91, 92, 85, 86, 87, 88, 29, 30, 31, 32, 81, 82, 83, 84, 77, 78, 79, 80, 73, 74, 75, 76, 69, 70, 71, 72, 65, 66, 67, 68, 33, 34, 35, 36, 37, 38, 39, 40, 61, 62, 63, 64, 41, 42, 43, 44, 57, 58, 59, 60, 53, 54, 55, 56, 49, 50, 51, 52, 45, 46, 47, 48, 17, 18, 19, 20]}}, {"model": "auth.group", "pk": 2, "fields": {"name": "Manager", "permissions": [1, 2, 3, 4, 9, 10, 11, 12, 5, 6, 7, 8, 117, 118, 119, 120, 13, 14, 15, 16, 113, 114, 115, 116, 21, 22, 23, 24, 109, 110, 111, 112, 105, 106, 107, 108, 101, 102, 103, 104, 97, 98, 99, 100, 25, 26, 27, 28, 93, 94, 95, 96, 89, 90, 91, 92, 85, 86, 87, 88, 29, 30, 31, 32, 81, 82, 83, 84, 77, 78, 79, 80, 73, 74, 75, 76, 69, 70, 71, 72, 65, 66, 67, 68, 33, 34, 35, 36, 37, 38, 39, 40, 61, 62, 63, 64, 41, 42, 43, 44, 57, 58, 59, 60, 53, 54, 55, 56, 49, 50, 51, 52, 45, 46, 47, 48, 17, 18, 19, 20]}}, {"model": "authnapp.user", "pk": 1, "fields": {"is_client": true, "is_staff": true, "personal_account": "admin", "password": "pbkdf2_sha256$150000$qvL1wjvrA6ih$ZbCNJtLfvOTG1BTw9Y7R/gWAfflzz3rlfkWTj3Mh7o8=", "name": "", "email": "admin@admin.com", "phone": "", "is_active": true, "is_superuser": true, "last_login": "2021-06-25T10:46:10.512Z", "activation_key": "", "activation_key_expires": "2021-04-14T03:00:29.359Z", "groups": [], "user_permissions": []}}, {"model": "authnapp.user", "pk": 2, "fields": {"is_client": true, "is_staff": true, "personal_account": "777001", "password": "pbkdf2_sha256$150000$dIppCqfFLGYm$Ge6p4na/v2/nb9UYrmlMtaXcMz1jCf0S5yypWN7IBQ0=", "name": "\u041f\u0435\u0442\u0440\u043e\u0432\u0430 \u0418\u0440\u0438\u043d\u0430 \u041d\u0438\u043a\u043e\u043b\u0430\u0435\u0432\u043d\u0430", "email": "001@gmail.com", "phone": "79808099090", "is_active": true, "is_superuser": false, "last_login": "2021-06-25T13:06:22.956Z", "activation_key": "", "activation_key_expires": "2021-06-11T12:11:22.835Z", "groups": [2], "user_permissions": []}}, {"model": "authnapp.user", "pk": 3, "fields": {"is_client": true, "is_staff": false, "personal_account": "111001", "password": "pbkdf2_sha256$150000$vB8hnLvGGZX4$CsnLM1ZZfzPYFwUOfiK6OyC7KazOu1bF5XhSs1AIwDk=", "name": "\u041f\u0435\u0442\u0440\u043e\u0432 \u0418\u0432\u0430\u043d \u0418\u0432\u0430\u043d\u043e\u0432\u0438\u0447", "email": "001@mail.com", "phone": "78900098889", "is_active": true, "is_superuser": false, "last_login": "2021-06-22T12:23:40.443Z", "activation_key": "", "activation_key_expires": "2021-06-11T12:11:22.835Z", "groups": [1], "user_permissions": []}}, {"model": "authnapp.user", "pk": 4, "fields": {"is_client": true, "is_staff": false, "personal_account": "111002", "password": "pbkdf2_sha256$150000$TCudCUeFusvJ$iRuwqX5hvDwlUGqEjpWlpPSJXJwv6kxxy6BsO9bKSUQ=", "name": "\u0410\u0433\u0430\u043c\u043b\u044f\u043d \u0422\u0430\u0442\u044c\u044f\u043d\u0430 \u0418\u0432\u0430\u043d\u043e\u0432\u043d\u0430", "email": "002@gmail.com", "phone": "78900988899", "is_active": true, "is_superuser": false, "last_login": "2021-06-16T13:19:16.648Z", "activation_key": "", "activation_key_expires": "2021-06-11T12:11:22.835Z", "groups": [1], "user_permissions": []}}, {"model": "authnapp.user", "pk": 5, "fields": {"is_client": true, "is_staff": false, "personal_account": "111003", "password": "pbkdf2_sha256$150000$6NVW8XpsI7Wg$f1vy98rnXa2Vqa6QZnhgJK8hisp0a2Vpc1izPdpad8g=", "name": "\u0418\u0432\u0430\u043d\u043e\u0432\u0430 \u0418\u043d\u0433\u0430 \u0421\u0435\u0440\u0433\u0435\u0435\u0432\u043d\u0430", "email": "003@gmail.com", "phone": "78900009897", "is_active": true, "is_superuser": false, "last_login": "2021-06-12T07:46:07.851Z", "activation_key": "", "activation_key_expires": "2021-06-11T12:11:22.835Z", "groups": [1], "user_permissions": []}}, {"model": "mainapp.personalaccountstatus", "pk": 1, "fields": {"user": 5, "amount": "1426.49", "created": "2021-06-16T13:03:52.933Z", "updated": "2021-06-16T13:19:26.418Z"}}, {"model": "mainapp.personalaccountstatus", "pk": 2, "fields": {"user": 4, "amount": "-1111.00", "created": "2021-06-16T13:15:29.027Z", "updated": "2021-06-25T08:32:58.775Z"}}, {"model": "mainapp.personalaccountstatus", "pk": 3, "fields": {"user": 3, "amount": "52248.30", "created": "2021-06-16T13:15:29.201Z", "updated": "2021-06-16T13:19:26.504Z"}}, {"model": "mainapp.mainbook", "pk": 1, "fields": {"user": 5, "period": "2021-06-01", "direction": "D", "amount": "1000.00", "created": "2021-06-16T13:03:52.893Z", "updated": "2021-06-16T13:03:52.893Z"}}, {"model": "mainapp.mainbook", "pk": 2, "fields": {"user": 4, "period": "2021-06-01", "direction": "D", "amount": "1111.00", "created": "2021-06-16T13:15:29.005Z", "updated": "2021-06-25T08:32:58.750Z"}}, {"model": "mainapp.mainbook", "pk": 3, "fields": {"user": 5, "period": "2021-06-01", "direction": "C", "amount": "2426.49", "created": "2021-06-16T13:15:29.096Z", "updated": "2021-06-16T13:19:26.399Z"}}, {"model": "mainapp.mainbook", "pk": 4, "fields": {"user": 3, "period": "2021-06-01", "direction": "C", "amount": "52248.30", "created": "2021-06-16T13:15:29.184Z", "updated": "2021-06-16T13:19:26.486Z"}}, {"model": "mainapp.headerdata", "pk": 1, "fields": {"user": 4, "data": "{\"payer\": \"\u0410\u0433\u0430\u043c\u043b\u044f\u043d \u0422\u0430\u0442\u044c\u044f\u043d\u0430 \u0418\u0432\u0430\u043d\u043e\u0432\u043d\u0430\", \"address\": \"\u0443\u043b.\u0417\u0435\u043b\u0435\u043d\u0430\u044f, \u0434.1, \u043a\u0432.2, \u043a\u043e\u043c\u043d.0\", \"sq_appart\": \"65.00\", \"num_living\": 3, \"name_uk\": {\"name\": \"\u041e\u041e\u041e \u041d\u043e\u0432\u044b\u0439 \u0433\u043e\u0440\u043e\u0434\", \"address\": \"\u0443\u043b.\u041c\u043e\u043b\u043e\u0434\u0435\u0436\u043d\u0430\u044f, \u0434.1\", \"phone\": \"\u0442\u0435\u043b.78980988090\", \"web\": \"www.uk.ru\"}, \"requisites\": {\"inn\": \"7897897988\", \"check_acc\": \"98685678456898589679\", \"bik\": \"8567869578\", \"corr_acc\": \"85698687956785678968\", \"bank\": \"\u041e\u0410\u041e \u0410\u043b\u044c\u0444\u0430-\u0411\u0430\u0440\u043a\"}, \"personal_account\": \"111002\"}", "created": "2021-06-16T13:15:29.288Z", "updated": "2021-06-16T13:19:26.718Z"}}, {"model": "mainapp.headerdata", "pk": 2, "fields": {"user": 5, "data": "{\"payer\": \"\u0418\u0432\u0430\u043d\u043e\u0432\u0430 \u0418\u043d\u0433\u0430 \u0421\u0435\u0440\u0433\u0435\u0435\u0432\u043d\u0430\", \"address\": \"\u0443\u043b.\u0417\u0435\u043b\u0435\u043d\u0430\u044f, \u0434.1, \u043a\u0432.3, \u043a\u043e\u043c\u043d.0\", \"sq_appart\": \"76.00\", \"num_living\": 1, \"name_uk\": {\"name\": \"\u041e\u041e\u041e \u041d\u043e\u0432\u044b\u0439 \u0433\u043e\u0440\u043e\u0434\", \"address\": \"\u0443\u043b.\u041c\u043e\u043b\u043e\u0434\u0435\u0436\u043d\u0430\u044f, \u0434.1\", \"phone\": \"\u0442\u0435\u043b.78980988090\", \"web\": \"www.uk.ru\"}, \"requisites\": {\"inn\": \"7897897988\", \"check_acc\": \"98685678456898589679\", \"bik\": \"8567869578\", \"corr_acc\": \"85698687956785678968\", \"bank\": \"\u041e\u0410\u041e \u0410\u043b\u044c\u0444\u0430-\u0411\u0430\u0440\u043a\"}, \"personal_account\": \"111003\"}", "created": "2021-06-16T13:15:29.325Z", "updated": "2021-06-16T13:19:26.652Z"}}, {"model": "mainapp.headerdata", "pk": 3, "fields": {"user": 3, "data": "{\"payer\": \"\u041f\u0435\u0442\u0440\u043e\u0432 \u0418\u0432\u0430\u043d \u0418\u0432\u0430\u043d\u043e\u0432\u0438\u0447\", \"address\": \"\u0443\u043b.\u0417\u0435\u043b\u0435\u043d\u0430\u044f, \u0434.1, \u043a\u0432.1, \u043a\u043e\u043c\u043d.0\", \"sq_appart\": \"65.00\", \"num_living\": 2, \"name_uk\": {\"name\": \"\u041e\u041e\u041e \u041d\u043e\u0432\u044b\u0439 \u0433\u043e\u0440\u043e\u0434\", \"address\": \"\u0443\u043b.\u041c\u043e\u043b\u043e\u0434\u0435\u0436\u043d\u0430\u044f, \u0434.1\", \"phone\": \"\u0442\u0435\u043b.78980988090\", \"web\": \"www.uk.ru\"}, \"requisites\": {\"inn\": \"7897897988\", \"check_acc\": \"98685678456898589679\", \"bik\": \"8567869578\", \"corr_acc\": \"85698687956785678968\", \"bank\": \"\u041e\u0410\u041e \u0410\u043b\u044c\u0444\u0430-\u0411\u0430\u0440\u043a\"}, \"personal_account\": \"111001\"}", "created": "2021-06-16T13:15:29.361Z", "updated": "2021-06-16T13:19:26.685Z"}}, {"model": "mainapp.variablepayments", "pk": 1, "fields": {"user": 4, "period": "2021-06-01", "data": "[{\"service\": \"\u0425\u043e\u043b\u043e\u0434\u043d\u0430\u044f \u0432\u043e\u0434\u0430\", \"unit\": \"\u043c3\", \"standart\": 0, \"rate\": \"32.450\", \"volume\": \"0.11\", \"accured\": \"232.0175000\", \"coefficient\": \"1.00\", \"pre_total\": \"232.017500000\", \"subsidies\": \"0E-9\", \"privileges\": \"0E-9\", \"recalculation\": 0, \"total\": \"232.017500000\"}, {\"service\": \"\u0413\u043e\u0440\u044f\u0447\u0430\u044f \u0432\u043e\u0434\u0430\", \"unit\": \"\u043c3\", \"standart\": 0, \"rate\": \"65.450\", \"volume\": \"0.11\", \"accured\": \"467.9675000\", \"coefficient\": \"1.00\", \"pre_total\": \"467.967500000\", \"subsidies\": \"0E-9\", \"privileges\": \"0E-9\", \"recalculation\": 0, \"total\": \"467.967500000\"}, {\"service\": \"\u0412\u043e\u0434\u043e\u043e\u0442\u0432\u0435\u0434\u0435\u043d\u0438\u0435\", \"unit\": \"\u043c3\", \"standart\": 0, \"rate\": \"20.530\", \"volume\": \"14.3000\", \"accured\": \"293.5790000\", \"coefficient\": \"1.00\", \"pre_total\": \"293.579000000\", \"subsidies\": \"0E-9\", \"privileges\": \"0E-9\", \"recalculation\": 0, \"total\": \"293.579000000\"}]", "total": "993.56", "pre_total": "993.56", "created": "2021-06-16T13:15:28.976Z", "updated": "2021-06-16T13:19:26.547Z"}}, {"model": "mainapp.variablepayments", "pk": 2, "fields": {"user": 5, "period": "2021-06-01", "data": "[{\"service\": \"\u0425\u043e\u043b\u043e\u0434\u043d\u0430\u044f \u0432\u043e\u0434\u0430\", \"unit\": \"\u043c3\", \"standart\": 0, \"rate\": \"32.450\", \"volume\": \"0.11\", \"accured\": \"271.2820000\", \"coefficient\": \"1.00\", \"pre_total\": \"271.282000000\", \"subsidies\": \"0E-9\", \"privileges\": \"0E-9\", \"recalculation\": 0, \"total\": \"271.282000000\"}, {\"service\": \"\u0413\u043e\u0440\u044f\u0447\u0430\u044f \u0432\u043e\u0434\u0430\", \"unit\": \"\u043c3\", \"standart\": 0, \"rate\": \"65.450\", \"volume\": \"0.11\", \"accured\": \"547.1620000\", \"coefficient\": \"1.00\", \"pre_total\": \"547.162000000\", \"subsidies\": \"0E-9\", \"privileges\": \"0E-9\", \"recalculation\": 0, \"total\": \"547.162000000\"}, {\"service\": \"\u0412\u043e\u0434\u043e\u043e\u0442\u0432\u0435\u0434\u0435\u043d\u0438\u0435\", \"unit\": \"\u043c3\", \"standart\": 0, \"rate\": \"20.530\", \"volume\": \"16.7200\", \"accured\": \"343.2616000\", \"coefficient\": \"1.00\", \"pre_total\": \"343.261600000\", \"subsidies\": \"0E-9\", \"privileges\": \"0E-9\", \"recalculation\": 0, \"total\": \"343.261600000\"}]", "total": "1161.71", "pre_total": "1161.71", "created": "2021-06-16T13:15:29.075Z", "updated": "2021-06-16T13:19:26.378Z"}}, {"model": "mainapp.variablepayments", "pk": 3, "fields": {"user": 3, "period": "2021-06-01", "data": "[{\"service\": \"\u0425\u043e\u043b\u043e\u0434\u043d\u0430\u044f \u0432\u043e\u0434\u0430\", \"unit\": \"\u043c3\", \"standart\": 0, \"rate\": \"32.450\", \"volume\": 450, \"accured\": \"14602.500\", \"coefficient\": \"1.00\", \"pre_total\": \"14602.50000\", \"subsidies\": \"0.00000\", \"privileges\": \"0.00000\", \"recalculation\": \"-350.00\", \"total\": \"14252.50000\"}, {\"service\": \"\u0413\u043e\u0440\u044f\u0447\u0430\u044f \u0432\u043e\u0434\u0430\", \"unit\": \"\u043c3\", \"standart\": 0, \"rate\": \"65.450\", \"volume\": 320, \"accured\": \"20944.000\", \"coefficient\": \"1.00\", \"pre_total\": \"20944.00000\", \"subsidies\": \"0.00000\", \"privileges\": \"0.00000\", \"recalculation\": 0, \"total\": \"20944.00000\"}, {\"service\": \"\u0412\u043e\u0434\u043e\u043e\u0442\u0432\u0435\u0434\u0435\u043d\u0438\u0435\", \"unit\": \"\u043c3\", \"standart\": 0, \"rate\": \"20.530\", \"volume\": 770, \"accured\": \"15808.100\", \"coefficient\": \"1.00\", \"pre_total\": \"15808.10000\", \"subsidies\": \"0.00000\", \"privileges\": \"0.00000\", \"recalculation\": 0, \"total\": \"15808.10000\"}]", "total": "51004.60", "pre_total": "51354.60", "created": "2021-06-16T13:15:29.164Z", "updated": "2021-06-16T13:19:26.466Z"}}, {"model": "mainapp.constantpayments", "pk": 1, "fields": {"user": 4, "data": "[{\"service\": \"\u041a\u0430\u043f\u0438\u0442\u0430\u043b\u044c\u043d\u044b\u0439 \u0440\u0435\u043c\u043e\u043d\u0442\", \"unit\": \"\u043c2\", \"rate\": \"7.500\", \"accured\": \"487.50000\", \"standart\": \"\", \"volume\": \"\", \"coefficient\": \"1.00\", \"subsidies\": 0, \"privileges\": 0, \"recalculation\": 0, \"total\": \"487.50000\", \"pre_total\": \"487.50000\"}, {\"service\": \"\u0412\u044b\u0432\u043e\u0437 \u0422\u0411\u041e\", \"unit\": \"\u0447\u0435\u043b\", \"rate\": \"141.500\", \"accured\": \"424.500\", \"standart\": \"\", \"volume\": \"\", \"coefficient\": \"1.00\", \"subsidies\": 0, \"privileges\": 0, \"recalculation\": 0, \"total\": \"424.500\", \"pre_total\": \"424.500\"}, {\"service\": \"\u041e\u0431\u0441\u043b\u0443\u0436\u0438\u0432\u0430\u043d\u0438\u0435 \u0434\u043e\u043c\u0430\", \"unit\": \"\u043c2\", \"rate\": \"3.100\", \"accured\": \"201.50000\", \"standart\": \"\", \"volume\": \"\", \"coefficient\": \"1.00\", \"subsidies\": 0, \"privileges\": 0, \"recalculation\": 0, \"total\": \"201.50000\", \"pre_total\": \"201.50000\"}, {\"service\": \"\u0421\u043e\u0434\u0435\u0440\u0436\u0430\u043d\u0438\u0435 \u043f\u0440\u0438\u0434\u043e\u043c\u043e\u0432\u043e\u0439 \u0442\u0435\u0440\u0440\u0438\u0442\u043e\u0440\u0438\u0438\", \"unit\": \"\u043c2\", \"rate\": \"4.180\", \"accured\": \"271.70000\", \"standart\": \"\", \"volume\": \"\", \"coefficient\": \"1.00\", \"subsidies\": 0, \"privileges\": 0, \"recalculation\": 0, \"total\": \"271.70000\", \"pre_total\": \"271.70000\"}]", "total": "1385.200", "pre_total": "1385.200", "created": "2021-06-16T13:15:28.387Z", "updated": "2021-06-16T13:19:26.262Z"}}, {"model": "mainapp.constantpayments", "pk": 2, "fields": {"user": 5, "data": "[{\"service\": \"\u041a\u0430\u043f\u0438\u0442\u0430\u043b\u044c\u043d\u044b\u0439 \u0440\u0435\u043c\u043e\u043d\u0442\", \"unit\": \"\u043c2\", \"rate\": \"7.500\", \"accured\": \"570.00000\", \"standart\": \"\", \"volume\": \"\", \"coefficient\": \"1.00\", \"subsidies\": 0, \"privileges\": 0, \"recalculation\": 0, \"total\": \"570.00000\", \"pre_total\": \"570.00000\"}, {\"service\": \"\u0412\u044b\u0432\u043e\u0437 \u0422\u0411\u041e\", \"unit\": \"\u0447\u0435\u043b\", \"rate\": \"141.500\", \"accured\": \"141.500\", \"standart\": \"\", \"volume\": \"\", \"coefficient\": \"1.00\", \"subsidies\": 0, \"privileges\": 0, \"recalculation\": 0, \"total\": \"141.500\", \"pre_total\": \"141.500\"}, {\"service\": \"\u041e\u0431\u0441\u043b\u0443\u0436\u0438\u0432\u0430\u043d\u0438\u0435 \u0434\u043e\u043c\u0430\", \"unit\": \"\u043c2\", \"rate\": \"3.100\", \"accured\": \"235.60000\", \"standart\": \"\", \"volume\": \"\", \"coefficient\": \"1.00\", \"subsidies\": 0, \"privileges\": 0, \"recalculation\": 0, \"total\": \"235.60000\", \"pre_total\": \"235.60000\"}, {\"service\": \"\u0421\u043e\u0434\u0435\u0440\u0436\u0430\u043d\u0438\u0435 \u043f\u0440\u0438\u0434\u043e\u043c\u043e\u0432\u043e\u0439 \u0442\u0435\u0440\u0440\u0438\u0442\u043e\u0440\u0438\u0438\", \"unit\": \"\u043c2\", \"rate\": \"4.180\", \"accured\": \"317.68000\", \"standart\": \"\", \"volume\": \"\", \"coefficient\": \"1.00\", \"subsidies\": 0, \"privileges\": 0, \"recalculation\": 0, \"total\": \"317.68000\", \"pre_total\": \"317.68000\"}]", "total": "1264.780", "pre_total": "1264.780", "created": "2021-06-16T13:15:28.442Z", "updated": "2021-06-16T13:19:26.111Z"}}, {"model": "mainapp.constantpayments", "pk": 3, "fields": {"user": 3, "data": "[{\"service\": \"\u041a\u0430\u043f\u0438\u0442\u0430\u043b\u044c\u043d\u044b\u0439 \u0440\u0435\u043c\u043e\u043d\u0442\", \"unit\": \"\u043c2\", \"rate\": \"7.500\", \"accured\": \"487.50000\", \"standart\": \"\", \"volume\": \"\", \"coefficient\": \"1.00\", \"subsidies\": 0, \"privileges\": 0, \"recalculation\": 0, \"total\": \"487.50000\", \"pre_total\": \"487.50000\"}, {\"service\": \"\u0412\u044b\u0432\u043e\u0437 \u0422\u0411\u041e\", \"unit\": \"\u0447\u0435\u043b\", \"rate\": \"141.500\", \"accured\": \"283.000\", \"standart\": \"\", \"volume\": \"\", \"coefficient\": \"1.00\", \"subsidies\": 0, \"privileges\": 0, \"recalculation\": 0, \"total\": \"283.000\", \"pre_total\": \"283.000\"}, {\"service\": \"\u041e\u0431\u0441\u043b\u0443\u0436\u0438\u0432\u0430\u043d\u0438\u0435 \u0434\u043e\u043c\u0430\", \"unit\": \"\u043c2\", \"rate\": \"3.100\", \"accured\": \"201.50000\", \"standart\": \"\", \"volume\": \"\", \"coefficient\": \"1.00\", \"subsidies\": 0, \"privileges\": 0, \"recalculation\": 0, \"total\": \"201.50000\", \"pre_total\": \"201.50000\"}, {\"service\": \"\u0421\u043e\u0434\u0435\u0440\u0436\u0430\u043d\u0438\u0435 \u043f\u0440\u0438\u0434\u043e\u043c\u043e\u0432\u043e\u0439 \u0442\u0435\u0440\u0440\u0438\u0442\u043e\u0440\u0438\u0438\", \"unit\": \"\u043c2\", \"rate\": \"4.180\", \"accured\": \"271.70000\", \"standart\": \"\", \"volume\": \"\", \"coefficient\": \"1.00\", \"subsidies\": 0, \"privileges\": 0, \"recalculation\": 0, \"total\": \"271.70000\", \"pre_total\": \"271.70000\"}]", "total": "1243.700", "pre_total": "1243.700", "created": "2021-06-16T13:15:28.467Z", "updated": "2021-06-16T13:19:26.203Z"}}, {"model": "mainapp.privileges", "pk": 1, "fields": {"user": 4, "service": 2, "sale": 10, "is_active": true, "created": "2021-06-16T13:03:23.296Z", "updated": "2021-06-16T13:03:23.296Z", "desc": ""}}, {"model": "mainapp.privileges", "pk": 2, "fields": {"user": 4, "service": 3, "sale": 5, "is_active": true, "created": "2021-06-16T13:03:28.515Z", "updated": "2021-06-16T13:34:23.558Z", "desc": ""}}, {"model": "mainapp.privileges", "pk": 3, "fields": {"user": 4, "service": 1, "sale": 10, "is_active": true, "created": "2021-06-25T08:33:25.580Z", "updated": "2021-06-25T08:33:25.580Z", "desc": "qwer"}}, {"model": "mainapp.subsidies", "pk": 1, "fields": {"user": 4, "service": 3, "sale": 5, "is_active": true, "created": "2021-06-16T13:33:38.911Z", "updated": "2021-06-16T13:33:38.911Z", "desc": ""}}, {"model": "mainapp.recalculations", "pk": 1, "fields": {"user": 3, "period": "2021-06-01", "service": 1, "recalc": "100.00", "desc": "\u0444\u044b\u0432\u0430", "created": "2021-06-16T13:03:11.988Z", "updated": "2021-06-25T07:19:50.374Z"}}, {"model": "mainapp.recalculations", "pk": 2, "fields": {"user": 4, "period": "2021-06-01", "service": 1, "recalc": "100.00", "desc": "\u0444\u044b\u0432\u0430", "created": "2021-06-24T09:45:30.661Z", "updated": "2021-06-25T08:29:14.981Z"}}, {"model": "mainapp.recalculations", "pk": 3, "fields": {"user": 3, "period": "2021-06-01", "service": 2, "recalc": "100.00", "desc": "\u041a\u0430\u043a-\u0442\u043e \u0442\u0430\u043a", "created": "2021-06-25T06:40:21.555Z", "updated": "2021-06-25T06:40:21.555Z"}}, {"model": "mainapp.recalculations", "pk": 4, "fields": {"user": 3, "period": "2021-06-01", "service": 3, "recalc": "300.00", "desc": "\u0444\u044b\u0432\u0430", "created": "2021-06-25T07:20:04.072Z", "updated": "2021-06-25T07:20:04.072Z"}}, {"model": "mainapp.recalculations", "pk": 5, "fields": {"user": 4, "period": "2021-06-01", "service": 3, "recalc": "300.00", "desc": "\u0444\u044b\u0432\u0430", "created": "2021-06-25T07:20:24.932Z", "updated": "2021-06-25T07:20:24.932Z"}}, {"model": "mainapp.recalculations", "pk": 6, "fields": {"user": 4, "period": "2021-06-01", "service": 2, "recalc": "300.00", "desc": "\u0444\u044b\u0432\u0430", "created": "2021-06-25T07:20:39.482Z", "updated": "2021-06-25T07:20:39.482Z"}}, {"model": "mainapp.historycounter", "pk": 1, "fields": {"user": 3, "period": "2021-05-01", "col_water": 1000, "hot_water": 1000, "electric_day": null, "electric_night": null, "electric_single": null, "created": "2021-06-12T19:40:41.424Z", "updated": "2021-06-12T19:40:41.424Z"}}, {"model": "mainapp.historycounter", "pk": 2, "fields": {"user": 4, "period": "2021-05-01", "col_water": 1000, "hot_water": 1000, "electric_day": null, "electric_night": null, "electric_single": null, "created": "2021-06-12T19:40:55.967Z", "updated": "2021-06-12T19:40:55.967Z"}}, {"model": "mainapp.historycounter", "pk": 3, "fields": {"user": 5, "period": "2021-05-01", "col_water": 1000, "hot_water": 1000, "electric_day": null, "electric_night": null, "electric_single": null, "created": "2021-06-12T19:41:10.802Z", "updated": "2021-06-12T19:41:10.802Z"}}, {"model": "mainapp.currentcounter", "pk": 1, "fields": {"user": 3, "period": "2021-10-01", "col_water": 1450, "hot_water": 1320, "electric_day": null, "electric_night": null, "electric_single": null, "created": "2021-06-16T13:14:56.069Z", "updated": "2021-06-16T13:14:56.069Z"}}, {"model": "mainapp.appartament", "pk": 1, "fields": {"user": 3, "house": 1, "number": "1", "add_number": 0, "sq_appart": "65.00", "num_owner": 2, "is_active": true, "created": "2021-06-09T12:28:33.656Z", "updated": "2021-06-15T09:18:44.050Z"}}, {"model": "mainapp.appartament", "pk": 2, "fields": {"user": 4, "house": 1, "number": "2", "add_number": 0, "sq_appart": "65.00", "num_owner": 3, "is_active": true, "created": "2021-06-09T12:28:58.537Z", "updated": "2021-06-15T09:18:54.740Z"}}, {"model": "mainapp.appartament", "pk": 3, "fields": {"user": 5, "house": 1, "number": "3", "add_number": 0, "sq_appart": "76.00", "num_owner": 1, "is_active": true, "created": "2021-06-09T12:29:24.030Z", "updated": "2021-06-15T09:19:04.934Z"}}, {"model": "mainapp.userprofile", "pk": 1, "fields": {"user": 1, "gender": null, "type_electric_meter": null, "is_active": true, "created": "2021-06-09T10:29:51.175Z", "updated": "2021-06-25T10:46:10.533Z"}}, {"model": "mainapp.userprofile", "pk": 2, "fields": {"user": 2, "gender": null, "type_electric_meter": null, "is_active": true, "created": "2021-06-09T10:33:00.802Z", "updated": "2021-06-25T13:06:22.987Z"}}, {"model": "mainapp.userprofile", "pk": 3, "fields": {"user": 3, "gender": "M", "type_electric_meter": null, "is_active": true, "created": "2021-06-09T12:29:51.687Z", "updated": "2021-06-22T12:23:40.522Z"}}, {"model": "mainapp.userprofile", "pk": 4, "fields": {"user": 4, "gender": "W", "type_electric_meter": null, "is_active": true, "created": "2021-06-09T12:30:16.998Z", "updated": "2021-06-16T13:19:16.673Z"}}, {"model": "mainapp.userprofile", "pk": 5, "fields": {"user": 5, "gender": "W", "type_electric_meter": null, "is_active": true, "created": "2021-06-09T12:30:36.414Z", "updated": "2021-06-12T07:46:40.916Z"}}, {"model": "admin.logentry", "pk": 1, "fields": {"action_time": "2021-06-16T12:59:04.632Z", "user": 1, "content_type": 3, "object_id": "1", "object_repr": "Client", "action_flag": 1, "change_message": "[{\"added\": {}}]"}}, {"model": "admin.logentry", "pk": 2, "fields": {"action_time": "2021-06-16T12:59:12.310Z", "user": 1, "content_type": 3, "object_id": "2", "object_repr": "Manager", "action_flag": 1, "change_message": "[{\"added\": {}}]"}}, {"model": "admin.logentry", "pk": 3, "fields": {"action_time": "2021-06-25T10:49:42.142Z", "user": 1, "content_type": 31, "object_id": "1", "object_repr": "News title - (2021-06-25 10:49:42.133898+00:00)", "action_flag": 1, "change_message": "[{\"added\": {}}]"}}, {"model": "admin.logentry", "pk": 4, "fields": {"action_time": "2021-06-25T10:50:05.184Z", "user": 1, "content_type": 31, "object_id": "2", "object_repr": "News title - (2021-06-25 10:50:05.181128+00:00)", "action_flag": 1, "change_message": "[{\"added\": {}}]"}}, {"model": "admin.logentry", "pk": 5, "fields": {"action_time": "2021-06-25T10:50:16.163Z", "user": 1, "content_type": 31, "object_id": "3", "object_repr": "New UK - (2021-06-25 10:50:16.159725+00:00)", "action_flag": 1, "change_message": "[{\"added\": {}}]"}}, {"model": "admin.logentry", "pk": 6, "fields": {"action_time": "2021-06-25T10:50:27.137Z", "user": 1, "content_type": 31, "object_id": "4", "object_repr": "New People - (2021-06-25 10:50:27.129810+00:00)", "action_flag": 1, "change_message": "[{\"added\": {}}]"}}, {"model": "admin.logentry", "pk": 7, "fields": {"action_time": "2021-06-25T10:50:36.646Z", "user": 1, "content_type": 31, "object_id": "5", "object_repr": "Ney York - (2021-06-25 10:50:36.643075+00:00)", "action_flag": 1, "change_message": "[{\"added\": {}}]"}}]