[{"model": "contenttypes.contenttype", "pk": 1, "fields": {"app_label": "admin", "model": "logentry"}}, {"model": "contenttypes.contenttype", "pk": 2, "fields": {"app_label": "auth", "model": "permission"}}, {"model": "contenttypes.contenttype", "pk": 3, "fields": {"app_label": "auth", "model": "group"}}, {"model": "contenttypes.contenttype", "pk": 4, "fields": {"app_label": "contenttypes", "model": "contenttype"}}, {"model": "contenttypes.contenttype", "pk": 5, "fields": {"app_label": "sessions", "model": "session"}}, {"model": "contenttypes.contenttype", "pk": 6, "fields": {"app_label": "mainapp", "model": "appartament"}}, {"model": "contenttypes.contenttype", "pk": 7, "fields": {"app_label": "mainapp", "model": "city"}}, {"model": "contenttypes.contenttype", "pk": 8, "fields": {"app_label": "mainapp", "model": "house"}}, {"model": "contenttypes.contenttype", "pk": 9, "fields": {"app_label": "mainapp", "model": "metrics"}}, {"model": "contenttypes.contenttype", "pk": 10, "fields": {"app_label": "mainapp", "model": "services"}}, {"model": "contenttypes.contenttype", "pk": 11, "fields": {"app_label": "mainapp", "model": "servicescategory"}}, {"model": "contenttypes.contenttype", "pk": 12, "fields": {"app_label": "mainapp", "model": "street"}}, {"model": "contenttypes.contenttype", "pk": 13, "fields": {"app_label": "mainapp", "model": "variablepayments"}}, {"model": "contenttypes.contenttype", "pk": 14, "fields": {"app_label": "mainapp", "model": "userprofile"}}, {"model": "contenttypes.contenttype", "pk": 15, "fields": {"app_label": "mainapp", "model": "uk"}}, {"model": "contenttypes.contenttype", "pk": 16, "fields": {"app_label": "mainapp", "model": "subsidies"}}, {"model": "contenttypes.contenttype", "pk": 17, "fields": {"app_label": "mainapp", "model": "standart"}}, {"model": "contenttypes.contenttype", "pk": 18, "fields": {"app_label": "mainapp", "model": "recalculations"}}, {"model": "contenttypes.contenttype", "pk": 19, "fields": {"app_label": "mainapp", "model": "profit"}}, {"model": "contenttypes.contenttype", "pk": 20, "fields": {"app_label": "mainapp", "model": "privileges"}}, {"model": "contenttypes.contenttype", "pk": 21, "fields": {"app_label": "mainapp", "model": "payment"}}, {"model": "contenttypes.contenttype", "pk": 22, "fields": {"app_label": "mainapp", "model": "househistory"}}, {"model": "contenttypes.contenttype", "pk": 23, "fields": {"app_label": "mainapp", "model": "housecurrent"}}, {"model": "contenttypes.contenttype", "pk": 24, "fields": {"app_label": "mainapp", "model": "historycounter"}}, {"model": "contenttypes.contenttype", "pk": 25, "fields": {"app_label": "mainapp", "model": "currentcounter"}}, {"model": "contenttypes.contenttype", "pk": 26, "fields": {"app_label": "mainapp", "model": "constantpayments"}}, {"model": "contenttypes.contenttype", "pk": 27, "fields": {"app_label": "authnapp", "model": "user"}}, {"model": "sessions.session", "pk": "3j4wk0d567v8glpq09pt0zjyww20ist1", "fields": {"session_data": "NTE0MTYzZjFiMWI3MTA0YjQzNWMyYmYzOTU5ODRlMDA2M2Y1YjczMjp7Il9hdXRoX3VzZXJfaWQiOiI2IiwiX2F1dGhfdXNlcl9iYWNrZW5kIjoiZGphbmdvLmNvbnRyaWIuYXV0aC5iYWNrZW5kcy5Nb2RlbEJhY2tlbmQiLCJfYXV0aF91c2VyX2hhc2giOiIzOWY3ZGNhZjM2NzgwMzhhNjc3NTk0ZTIyMGJhMGJlOWYzM2IxY2VmIn0=", "expire_date": "2021-04-29T14:31:19.019Z"}}, {"model": "mainapp.servicescategory", "pk": 1, "fields": {"name": "\u0422\u0430\u0440\u0438\u0444 1", "is_active": true, "created": "2021-04-15T14:19:40.314Z", "updated": "2021-04-15T14:19:40.314Z"}}, {"model": "mainapp.metrics", "pk": 1, "fields": {"name": "\u043c2", "is_active": true, "created": "2021-04-15T14:13:34.734Z", "updated": "2021-04-15T14:13:34.734Z"}}, {"model": "mainapp.metrics", "pk": 2, "fields": {"name": "\u043c3", "is_active": true, "created": "2021-04-15T14:13:41.124Z", "updated": "2021-04-15T14:13:41.124Z"}}, {"model": "mainapp.metrics", "pk": 3, "fields": {"name": "\u043a\u0412\u0442.\u0447", "is_active": true, "created": "2021-04-15T14:13:51.303Z", "updated": "2021-04-15T14:13:51.303Z"}}, {"model": "mainapp.metrics", "pk": 4, "fields": {"name": "\u043a\u0432", "is_active": true, "created": "2021-04-15T14:13:56.287Z", "updated": "2021-04-15T14:13:56.287Z"}}, {"model": "mainapp.metrics", "pk": 5, "fields": {"name": "\u0447\u0435\u043b", "is_active": true, "created": "2021-04-15T14:14:02.844Z", "updated": "2021-04-15T14:14:02.844Z"}}, {"model": "mainapp.metrics", "pk": 6, "fields": {"name": "\u0448\u0442", "is_active": true, "created": "2021-04-15T14:14:10.507Z", "updated": "2021-04-15T14:14:10.507Z"}}, {"model": "mainapp.metrics", "pk": 7, "fields": {"name": "\u0413\u043a\u0430\u043b", "is_active": true, "created": "2021-04-15T14:14:18.038Z", "updated": "2021-04-15T14:14:18.038Z"}}, {"model": "mainapp.services", "pk": 1, "fields": {"category": 1, "name": "\u0412\u0437\u043d\u043e\u0441\u044b \u043d\u0430 \u043a\u0430\u043f\u0438\u0442\u0430\u043b\u044c\u043d\u044b\u0439 \u0440\u0435\u043c\u043e\u043d\u0442", "unit": 1, "rate": "7.500", "factor": "1.00", "const": true, "is_active": true, "created": "2021-04-15T14:19:40.353Z", "updated": "2021-04-15T14:19:40.354Z"}}, {"model": "mainapp.services", "pk": 2, "fields": {"category": 1, "name": "\u0425\u043e\u043b\u043e\u0434\u043d\u0430\u044f \u0432\u043e\u0434\u0430", "unit": 2, "rate": "32.450", "factor": "1.00", "const": false, "is_active": true, "created": "2021-04-15T14:19:40.391Z", "updated": "2021-04-15T14:19:40.391Z"}}, {"model": "mainapp.services", "pk": 3, "fields": {"category": 1, "name": "\u0413\u043e\u0440\u044f\u0447\u0430\u044f \u0432\u043e\u0434\u0430", "unit": 2, "rate": "64.000", "factor": "1.00", "const": false, "is_active": true, "created": "2021-04-15T14:19:40.393Z", "updated": "2021-04-15T14:19:40.393Z"}}, {"model": "mainapp.services", "pk": 4, "fields": {"category": 1, "name": "\u0412\u043e\u0434\u043e\u043e\u0442\u0432\u0435\u0434\u0435\u043d\u0438\u0435", "unit": 2, "rate": "2.530", "factor": "1.00", "const": false, "is_active": true, "created": "2021-04-15T14:19:40.395Z", "updated": "2021-04-15T14:19:40.395Z"}}, {"model": "mainapp.services", "pk": 5, "fields": {"category": 1, "name": "\u042d\u043b\u0435\u043a\u0442\u0440\u043e\u044d\u043d\u0435\u0440\u0433\u0438\u044f \u0434\u0435\u043d\u044c", "unit": 3, "rate": "2.110", "factor": "1.00", "const": false, "is_active": true, "created": "2021-04-15T14:19:40.397Z", "updated": "2021-04-15T14:19:40.397Z"}}, {"model": "mainapp.services", "pk": 6, "fields": {"category": 1, "name": "\u042d\u043b\u0435\u043a\u0442\u0440\u043e\u044d\u043d\u0435\u0440\u0433\u0438\u044f \u043d\u043e\u0447\u044c", "unit": 3, "rate": "1.040", "factor": "1.00", "const": false, "is_active": true, "created": "2021-04-15T14:19:40.399Z", "updated": "2021-04-15T14:19:40.400Z"}}, {"model": "mainapp.services", "pk": 7, "fields": {"category": 1, "name": "\u041e\u0431\u0440\u0430\u0449\u0435\u043d\u0438\u0435 \u0441 \u0422\u041a\u041e", "unit": 5, "rate": "141.450", "factor": "1.00", "const": true, "is_active": true, "created": "2021-04-15T14:19:40.402Z", "updated": "2021-04-15T14:19:40.402Z"}}, {"model": "mainapp.services", "pk": 8, "fields": {"category": 1, "name": "\u041e\u0431\u0441\u043b\u0443\u0436\u0438\u0432\u0430\u043d\u0438\u0435 \u0441\u0438\u0441\u0442\u0435\u043c \u0432\u0438\u0434\u0435\u043e\u043d\u0430\u0431\u043b\u044e\u0434\u0435\u043d\u0438\u044f", "unit": 4, "rate": "70.000", "factor": "1.00", "const": true, "is_active": true, "created": "2021-04-15T14:19:40.404Z", "updated": "2021-04-15T14:19:40.404Z"}}, {"model": "mainapp.services", "pk": 9, "fields": {"category": 1, "name": "\u0421\u043e\u0434\u0435\u0440\u0436\u0430\u043d\u0438\u0435 \u043e\u0431\u0449 \u0438\u043c\u043c\u0443\u0449 \u0434\u043e\u043c\u0430", "unit": 1, "rate": "2.780", "factor": "1.00", "const": true, "is_active": true, "created": "2021-04-15T14:19:40.406Z", "updated": "2021-04-15T14:19:40.407Z"}}, {"model": "mainapp.services", "pk": 10, "fields": {"category": 1, "name": "\u0422\u0435\u0445 \u043e\u0431\u0441\u043b\u0443\u0436 \u043b\u0438\u0444\u0442\u043e\u0432\u043e\u0433\u043e \u0438\u043c\u043c\u0443\u0449\u0435\u0441\u0442\u0432\u0430", "unit": 1, "rate": "5.500", "factor": "1.00", "const": true, "is_active": true, "created": "2021-04-15T14:19:40.409Z", "updated": "2021-04-15T14:19:40.409Z"}}, {"model": "mainapp.services", "pk": 11, "fields": {"category": 1, "name": "\u0422\u041e \u043e\u0431\u0449 \u043a\u043e\u043c\u043c\u0443\u043d\u0438\u043a\u0430\u0446 \u0442\u0435\u0445 \u0443\u0441\u0442\u0440\u043e\u0439\u0441\u0442\u0432 \u0438 \u043f\u043e\u043c\u0435\u0449\u0435\u043d\u0438\u0439", "unit": 1, "rate": "3.100", "factor": "1.00", "const": true, "is_active": true, "created": "2021-04-15T14:19:40.411Z", "updated": "2021-04-15T14:19:40.411Z"}}, {"model": "mainapp.services", "pk": 12, "fields": {"category": 1, "name": "\u0423\u043f\u0440\u0430\u0432\u043b\u0435\u043d\u0438\u0435 \u0434\u043e\u043c\u043e\u043c", "unit": 1, "rate": "56.000", "factor": "1.00", "const": true, "is_active": true, "created": "2021-04-15T14:19:40.413Z", "updated": "2021-04-15T14:19:40.413Z"}}, {"model": "mainapp.city", "pk": 1, "fields": {"city": "\u0422\u044e\u043c\u0435\u043d\u044c", "is_active": true, "created": "2021-04-15T10:15:36.779Z", "updated": "2021-04-15T10:15:36.779Z"}}, {"model": "mainapp.street", "pk": 1, "fields": {"city": 1, "street": "\u0421\u043e\u044e\u0437\u043d\u0430\u044f", "is_active": true, "created": "2021-04-15T10:15:36.789Z", "updated": "2021-04-15T10:15:36.789Z"}}, {"model": "mainapp.street", "pk": 2, "fields": {"city": 1, "street": "\u041f\u0443\u0448\u043a\u0438\u043d\u0441\u043a\u0430\u044f", "is_active": true, "created": "2021-04-15T10:15:36.801Z", "updated": "2021-04-15T10:15:36.801Z"}}, {"model": "mainapp.street", "pk": 3, "fields": {"city": 1, "street": "\u041b\u0435\u0444\u043e\u0440\u0442\u043e\u0432\u0441\u043a\u0438\u0439 \u0432\u0430\u043b", "is_active": true, "created": "2021-04-15T10:15:36.803Z", "updated": "2021-04-15T10:15:36.804Z"}}, {"model": "mainapp.street", "pk": 4, "fields": {"city": 1, "street": "\u041d\u0435\u043c\u0447\u0438\u043d\u043e\u0432\u0430", "is_active": true, "created": "2021-04-15T10:15:36.806Z", "updated": "2021-04-15T10:15:36.806Z"}}, {"model": "mainapp.uk", "pk": 1, "fields": {"name": "\u041e\u041e\u041e \u041d\u043e\u0432\u044b\u0439 \u0433\u043e\u0440\u043e\u0434", "city": 1, "street": 1, "num_building": "1", "phone": "78900095787", "email": "uk@new-city.ru", "inn": "7202225426", "ps": "40702810538320000181", "bik": "046577964", "ks": "30101810100000000096", "bank": "\u041e\u0410\u041e \u0410\u043b\u044c\u0444\u0430-\u0411\u0430\u043d\u043a", "web_addr": "new-city.ru", "is_active": true, "created": "2021-04-15T14:21:05.098Z", "updated": "2021-04-15T14:21:05.098Z"}}, {"model": "mainapp.house", "pk": 1, "fields": {"city": 1, "street": 1, "number": "1", "add_number": "-", "sq_home": "3400.00", "uk": 1, "category_rate": 1, "is_active": true, "created": "2021-04-15T14:22:08.036Z", "updated": "2021-04-15T14:22:08.036Z"}}, {"model": "mainapp.house", "pk": 2, "fields": {"city": 1, "street": 2, "number": "13", "add_number": "-", "sq_home": "4500.00", "uk": 1, "category_rate": 1, "is_active": true, "created": "2021-04-15T14:23:03.608Z", "updated": "2021-04-15T14:23:03.608Z"}}, {"model": "mainapp.appartament", "pk": 1, "fields": {"house": 1, "number": 1, "add_number": "-", "sq_appart": "46.00", "num_owner": 2, "is_active": true, "created": "2021-04-15T14:22:08.054Z", "updated": "2021-04-15T14:22:08.054Z"}}, {"model": "mainapp.appartament", "pk": 2, "fields": {"house": 1, "number": 2, "add_number": "-", "sq_appart": "45.00", "num_owner": 1, "is_active": true, "created": "2021-04-15T14:22:08.063Z", "updated": "2021-04-15T14:22:08.063Z"}}, {"model": "mainapp.appartament", "pk": 3, "fields": {"house": 1, "number": 3, "add_number": "-", "sq_appart": "47.00", "num_owner": 3, "is_active": true, "created": "2021-04-15T14:22:08.065Z", "updated": "2021-04-15T14:22:08.065Z"}}, {"model": "mainapp.appartament", "pk": 4, "fields": {"house": 1, "number": 4, "add_number": "-", "sq_appart": "67.00", "num_owner": 3, "is_active": true, "created": "2021-04-15T14:22:08.067Z", "updated": "2021-04-15T14:22:08.067Z"}}, {"model": "mainapp.appartament", "pk": 5, "fields": {"house": 2, "number": 1, "add_number": "-", "sq_appart": "68.00", "num_owner": 1, "is_active": true, "created": "2021-04-15T14:23:03.612Z", "updated": "2021-04-15T14:23:03.612Z"}}, {"model": "mainapp.appartament", "pk": 6, "fields": {"house": 2, "number": 2, "add_number": "-", "sq_appart": "45.00", "num_owner": 2, "is_active": true, "created": "2021-04-15T14:23:03.617Z", "updated": "2021-04-15T14:23:03.617Z"}}, {"model": "mainapp.appartament", "pk": 7, "fields": {"house": 2, "number": 3, "add_number": "-", "sq_appart": "55.00", "num_owner": 3, "is_active": true, "created": "2021-04-15T14:23:03.619Z", "updated": "2021-04-15T14:23:03.619Z"}}, {"model": "mainapp.appartament", "pk": 8, "fields": {"house": 2, "number": 4, "add_number": "-", "sq_appart": "45.00", "num_owner": 5, "is_active": true, "created": "2021-04-15T14:23:03.621Z", "updated": "2021-04-15T14:23:03.621Z"}}, {"model": "mainapp.subsidies", "pk": 1, "fields": {"user": 2, "service": 2, "sale": 5, "is_active": true, "created": "2021-04-15T14:24:44.016Z", "updated": "2021-04-15T14:24:44.016Z", "desc": "\u0421\u0438\u0431\u0438\u0440\u044f\u043a"}}, {"model": "mainapp.subsidies", "pk": 2, "fields": {"user": 2, "service": 3, "sale": 5, "is_active": true, "created": "2021-04-15T14:24:44.028Z", "updated": "2021-04-15T14:24:44.028Z", "desc": "\u0421\u0438\u0431\u0438\u0440\u044f\u043a"}}, {"model": "mainapp.subsidies", "pk": 3, "fields": {"user": 2, "service": 5, "sale": 10, "is_active": true, "created": "2021-04-15T14:24:44.030Z", "updated": "2021-04-15T14:24:44.030Z", "desc": "\u0421\u0438\u0431\u0438\u0440\u044f\u043a"}}, {"model": "mainapp.privileges", "pk": 1, "fields": {"user": 5, "service": 2, "sale": 50, "is_active": true, "created": "2021-04-15T14:25:48.100Z", "updated": "2021-04-15T14:25:48.100Z", "desc": "\u0413\u0435\u0440\u043e\u0439 \u0420\u043e\u0441\u0441\u0438\u0438"}}, {"model": "mainapp.privileges", "pk": 2, "fields": {"user": 5, "service": 3, "sale": 50, "is_active": true, "created": "2021-04-15T14:25:48.114Z", "updated": "2021-04-15T14:25:48.114Z", "desc": "\u0413\u0435\u0440\u043e\u0439 \u0420\u043e\u0441\u0441\u0438\u0438"}}, {"model": "mainapp.privileges", "pk": 3, "fields": {"user": 5, "service": 5, "sale": 50, "is_active": true, "created": "2021-04-15T14:25:48.116Z", "updated": "2021-04-15T14:25:48.116Z", "desc": "\u0413\u0435\u0440\u043e\u0439 \u0420\u043e\u0441\u0441\u0438\u0438"}}, {"model": "auth.permission", "pk": 1, "fields": {"name": "Can add log entry", "content_type": 1, "codename": "add_logentry"}}, {"model": "auth.permission", "pk": 2, "fields": {"name": "Can change log entry", "content_type": 1, "codename": "change_logentry"}}, {"model": "auth.permission", "pk": 3, "fields": {"name": "Can delete log entry", "content_type": 1, "codename": "delete_logentry"}}, {"model": "auth.permission", "pk": 4, "fields": {"name": "Can view log entry", "content_type": 1, "codename": "view_logentry"}}, {"model": "auth.permission", "pk": 5, "fields": {"name": "Can add permission", "content_type": 2, "codename": "add_permission"}}, {"model": "auth.permission", "pk": 6, "fields": {"name": "Can change permission", "content_type": 2, "codename": "change_permission"}}, {"model": "auth.permission", "pk": 7, "fields": {"name": "Can delete permission", "content_type": 2, "codename": "delete_permission"}}, {"model": "auth.permission", "pk": 8, "fields": {"name": "Can view permission", "content_type": 2, "codename": "view_permission"}}, {"model": "auth.permission", "pk": 9, "fields": {"name": "Can add group", "content_type": 3, "codename": "add_group"}}, {"model": "auth.permission", "pk": 10, "fields": {"name": "Can change group", "content_type": 3, "codename": "change_group"}}, {"model": "auth.permission", "pk": 11, "fields": {"name": "Can delete group", "content_type": 3, "codename": "delete_group"}}, {"model": "auth.permission", "pk": 12, "fields": {"name": "Can view group", "content_type": 3, "codename": "view_group"}}, {"model": "auth.permission", "pk": 13, "fields": {"name": "Can add content type", "content_type": 4, "codename": "add_contenttype"}}, {"model": "auth.permission", "pk": 14, "fields": {"name": "Can change content type", "content_type": 4, "codename": "change_contenttype"}}, {"model": "auth.permission", "pk": 15, "fields": {"name": "Can delete content type", "content_type": 4, "codename": "delete_contenttype"}}, {"model": "auth.permission", "pk": 16, "fields": {"name": "Can view content type", "content_type": 4, "codename": "view_contenttype"}}, {"model": "auth.permission", "pk": 17, "fields": {"name": "Can add session", "content_type": 5, "codename": "add_session"}}, {"model": "auth.permission", "pk": 18, "fields": {"name": "Can change session", "content_type": 5, "codename": "change_session"}}, {"model": "auth.permission", "pk": 19, "fields": {"name": "Can delete session", "content_type": 5, "codename": "delete_session"}}, {"model": "auth.permission", "pk": 20, "fields": {"name": "Can view session", "content_type": 5, "codename": "view_session"}}, {"model": "auth.permission", "pk": 21, "fields": {"name": "Can add \u041a\u0432\u0430\u0440\u0442\u0438\u0440\u0430", "content_type": 6, "codename": "add_appartament"}}, {"model": "auth.permission", "pk": 22, "fields": {"name": "Can change \u041a\u0432\u0430\u0440\u0442\u0438\u0440\u0430", "content_type": 6, "codename": "change_appartament"}}, {"model": "auth.permission", "pk": 23, "fields": {"name": "Can delete \u041a\u0432\u0430\u0440\u0442\u0438\u0440\u0430", "content_type": 6, "codename": "delete_appartament"}}, {"model": "auth.permission", "pk": 24, "fields": {"name": "Can view \u041a\u0432\u0430\u0440\u0442\u0438\u0440\u0430", "content_type": 6, "codename": "view_appartament"}}, {"model": "auth.permission", "pk": 25, "fields": {"name": "Can add \u0413\u043e\u0440\u043e\u0434", "content_type": 7, "codename": "add_city"}}, {"model": "auth.permission", "pk": 26, "fields": {"name": "Can change \u0413\u043e\u0440\u043e\u0434", "content_type": 7, "codename": "change_city"}}, {"model": "auth.permission", "pk": 27, "fields": {"name": "Can delete \u0413\u043e\u0440\u043e\u0434", "content_type": 7, "codename": "delete_city"}}, {"model": "auth.permission", "pk": 28, "fields": {"name": "Can view \u0413\u043e\u0440\u043e\u0434", "content_type": 7, "codename": "view_city"}}, {"model": "auth.permission", "pk": 29, "fields": {"name": "Can add \u0414\u043e\u043c", "content_type": 8, "codename": "add_house"}}, {"model": "auth.permission", "pk": 30, "fields": {"name": "Can change \u0414\u043e\u043c", "content_type": 8, "codename": "change_house"}}, {"model": "auth.permission", "pk": 31, "fields": {"name": "Can delete \u0414\u043e\u043c", "content_type": 8, "codename": "delete_house"}}, {"model": "auth.permission", "pk": 32, "fields": {"name": "Can view \u0414\u043e\u043c", "content_type": 8, "codename": "view_house"}}, {"model": "auth.permission", "pk": 33, "fields": {"name": "Can add \u0415\u0434\u0438\u043d\u0438\u0446\u0430 \u0438\u0437\u043c\u0435\u0440\u0435\u043d\u0438\u044f", "content_type": 9, "codename": "add_metrics"}}, {"model": "auth.permission", "pk": 34, "fields": {"name": "Can change \u0415\u0434\u0438\u043d\u0438\u0446\u0430 \u0438\u0437\u043c\u0435\u0440\u0435\u043d\u0438\u044f", "content_type": 9, "codename": "change_metrics"}}, {"model": "auth.permission", "pk": 35, "fields": {"name": "Can delete \u0415\u0434\u0438\u043d\u0438\u0446\u0430 \u0438\u0437\u043c\u0435\u0440\u0435\u043d\u0438\u044f", "content_type": 9, "codename": "delete_metrics"}}, {"model": "auth.permission", "pk": 36, "fields": {"name": "Can view \u0415\u0434\u0438\u043d\u0438\u0446\u0430 \u0438\u0437\u043c\u0435\u0440\u0435\u043d\u0438\u044f", "content_type": 9, "codename": "view_metrics"}}, {"model": "auth.permission", "pk": 37, "fields": {"name": "Can add \u0423\u0441\u043b\u0443\u0433\u0443", "content_type": 10, "codename": "add_services"}}, {"model": "auth.permission", "pk": 38, "fields": {"name": "Can change \u0423\u0441\u043b\u0443\u0433\u0443", "content_type": 10, "codename": "change_services"}}, {"model": "auth.permission", "pk": 39, "fields": {"name": "Can delete \u0423\u0441\u043b\u0443\u0433\u0443", "content_type": 10, "codename": "delete_services"}}, {"model": "auth.permission", "pk": 40, "fields": {"name": "Can view \u0423\u0441\u043b\u0443\u0433\u0443", "content_type": 10, "codename": "view_services"}}, {"model": "auth.permission", "pk": 41, "fields": {"name": "Can add \u041a\u0430\u0442\u0435\u0433\u043e\u0440\u0438\u044f \u0443\u0441\u043b\u0443\u0433", "content_type": 11, "codename": "add_servicescategory"}}, {"model": "auth.permission", "pk": 42, "fields": {"name": "Can change \u041a\u0430\u0442\u0435\u0433\u043e\u0440\u0438\u044f \u0443\u0441\u043b\u0443\u0433", "content_type": 11, "codename": "change_servicescategory"}}, {"model": "auth.permission", "pk": 43, "fields": {"name": "Can delete \u041a\u0430\u0442\u0435\u0433\u043e\u0440\u0438\u044f \u0443\u0441\u043b\u0443\u0433", "content_type": 11, "codename": "delete_servicescategory"}}, {"model": "auth.permission", "pk": 44, "fields": {"name": "Can view \u041a\u0430\u0442\u0435\u0433\u043e\u0440\u0438\u044f \u0443\u0441\u043b\u0443\u0433", "content_type": 11, "codename": "view_servicescategory"}}, {"model": "auth.permission", "pk": 45, "fields": {"name": "Can add \u0423\u043b\u0438\u0446\u0430", "content_type": 12, "codename": "add_street"}}, {"model": "auth.permission", "pk": 46, "fields": {"name": "Can change \u0423\u043b\u0438\u0446\u0430", "content_type": 12, "codename": "change_street"}}, {"model": "auth.permission", "pk": 47, "fields": {"name": "Can delete \u0423\u043b\u0438\u0446\u0430", "content_type": 12, "codename": "delete_street"}}, {"model": "auth.permission", "pk": 48, "fields": {"name": "Can view \u0423\u043b\u0438\u0446\u0430", "content_type": 12, "codename": "view_street"}}, {"model": "auth.permission", "pk": 49, "fields": {"name": "Can add \u041f\u043b\u0430\u0442\u0435\u0436 (\u043f\u0435\u0440\u0435\u043f\u0435\u043d\u043d\u044b\u0435)", "content_type": 13, "codename": "add_variablepayments"}}, {"model": "auth.permission", "pk": 50, "fields": {"name": "Can change \u041f\u043b\u0430\u0442\u0435\u0436 (\u043f\u0435\u0440\u0435\u043f\u0435\u043d\u043d\u044b\u0435)", "content_type": 13, "codename": "change_variablepayments"}}, {"model": "auth.permission", "pk": 51, "fields": {"name": "Can delete \u041f\u043b\u0430\u0442\u0435\u0436 (\u043f\u0435\u0440\u0435\u043f\u0435\u043d\u043d\u044b\u0435)", "content_type": 13, "codename": "delete_variablepayments"}}, {"model": "auth.permission", "pk": 52, "fields": {"name": "Can view \u041f\u043b\u0430\u0442\u0435\u0436 (\u043f\u0435\u0440\u0435\u043f\u0435\u043d\u043d\u044b\u0435)", "content_type": 13, "codename": "view_variablepayments"}}, {"model": "auth.permission", "pk": 53, "fields": {"name": "Can add \u041f\u0440\u043e\u0444\u0438\u043b\u044c", "content_type": 14, "codename": "add_userprofile"}}, {"model": "auth.permission", "pk": 54, "fields": {"name": "Can change \u041f\u0440\u043e\u0444\u0438\u043b\u044c", "content_type": 14, "codename": "change_userprofile"}}, {"model": "auth.permission", "pk": 55, "fields": {"name": "Can delete \u041f\u0440\u043e\u0444\u0438\u043b\u044c", "content_type": 14, "codename": "delete_userprofile"}}, {"model": "auth.permission", "pk": 56, "fields": {"name": "Can view \u041f\u0440\u043e\u0444\u0438\u043b\u044c", "content_type": 14, "codename": "view_userprofile"}}, {"model": "auth.permission", "pk": 57, "fields": {"name": "Can add \u0423\u043f\u0440\u0430\u0432\u043b\u044f\u044e\u0449\u0430\u044f \u043a\u043e\u043c\u043f\u0430\u043d\u0438\u044f", "content_type": 15, "codename": "add_uk"}}, {"model": "auth.permission", "pk": 58, "fields": {"name": "Can change \u0423\u043f\u0440\u0430\u0432\u043b\u044f\u044e\u0449\u0430\u044f \u043a\u043e\u043c\u043f\u0430\u043d\u0438\u044f", "content_type": 15, "codename": "change_uk"}}, {"model": "auth.permission", "pk": 59, "fields": {"name": "Can delete \u0423\u043f\u0440\u0430\u0432\u043b\u044f\u044e\u0449\u0430\u044f \u043a\u043e\u043c\u043f\u0430\u043d\u0438\u044f", "content_type": 15, "codename": "delete_uk"}}, {"model": "auth.permission", "pk": 60, "fields": {"name": "Can view \u0423\u043f\u0440\u0430\u0432\u043b\u044f\u044e\u0449\u0430\u044f \u043a\u043e\u043c\u043f\u0430\u043d\u0438\u044f", "content_type": 15, "codename": "view_uk"}}, {"model": "auth.permission", "pk": 61, "fields": {"name": "Can add \u0421\u0443\u0431\u0441\u0438\u0434\u0438\u044f", "content_type": 16, "codename": "add_subsidies"}}, {"model": "auth.permission", "pk": 62, "fields": {"name": "Can change \u0421\u0443\u0431\u0441\u0438\u0434\u0438\u044f", "content_type": 16, "codename": "change_subsidies"}}, {"model": "auth.permission", "pk": 63, "fields": {"name": "Can delete \u0421\u0443\u0431\u0441\u0438\u0434\u0438\u044f", "content_type": 16, "codename": "delete_subsidies"}}, {"model": "auth.permission", "pk": 64, "fields": {"name": "Can view \u0421\u0443\u0431\u0441\u0438\u0434\u0438\u044f", "content_type": 16, "codename": "view_subsidies"}}, {"model": "auth.permission", "pk": 65, "fields": {"name": "Can add \u041d\u043e\u0440\u043c\u0430\u0442\u0438\u0432", "content_type": 17, "codename": "add_standart"}}, {"model": "auth.permission", "pk": 66, "fields": {"name": "Can change \u041d\u043e\u0440\u043c\u0430\u0442\u0438\u0432", "content_type": 17, "codename": "change_standart"}}, {"model": "auth.permission", "pk": 67, "fields": {"name": "Can delete \u041d\u043e\u0440\u043c\u0430\u0442\u0438\u0432", "content_type": 17, "codename": "delete_standart"}}, {"model": "auth.permission", "pk": 68, "fields": {"name": "Can view \u041d\u043e\u0440\u043c\u0430\u0442\u0438\u0432", "content_type": 17, "codename": "view_standart"}}, {"model": "auth.permission", "pk": 69, "fields": {"name": "Can add \u041f\u0435\u0440\u0435\u0440\u0430\u0441\u0447\u0435\u0442", "content_type": 18, "codename": "add_recalculations"}}, {"model": "auth.permission", "pk": 70, "fields": {"name": "Can change \u041f\u0435\u0440\u0435\u0440\u0430\u0441\u0447\u0435\u0442", "content_type": 18, "codename": "change_recalculations"}}, {"model": "auth.permission", "pk": 71, "fields": {"name": "Can delete \u041f\u0435\u0440\u0435\u0440\u0430\u0441\u0447\u0435\u0442", "content_type": 18, "codename": "delete_recalculations"}}, {"model": "auth.permission", "pk": 72, "fields": {"name": "Can view \u041f\u0435\u0440\u0435\u0440\u0430\u0441\u0447\u0435\u0442", "content_type": 18, "codename": "view_recalculations"}}, {"model": "auth.permission", "pk": 73, "fields": {"name": "Can add \u041d\u0430\u0447\u0438\u0441\u043b\u0435\u043d\u0438\u0435", "content_type": 19, "codename": "add_profit"}}, {"model": "auth.permission", "pk": 74, "fields": {"name": "Can change \u041d\u0430\u0447\u0438\u0441\u043b\u0435\u043d\u0438\u0435", "content_type": 19, "codename": "change_profit"}}, {"model": "auth.permission", "pk": 75, "fields": {"name": "Can delete \u041d\u0430\u0447\u0438\u0441\u043b\u0435\u043d\u0438\u0435", "content_type": 19, "codename": "delete_profit"}}, {"model": "auth.permission", "pk": 76, "fields": {"name": "Can view \u041d\u0430\u0447\u0438\u0441\u043b\u0435\u043d\u0438\u0435", "content_type": 19, "codename": "view_profit"}}, {"model": "auth.permission", "pk": 77, "fields": {"name": "Can add \u041b\u044c\u0433\u043e\u0442\u0430", "content_type": 20, "codename": "add_privileges"}}, {"model": "auth.permission", "pk": 78, "fields": {"name": "Can change \u041b\u044c\u0433\u043e\u0442\u0430", "content_type": 20, "codename": "change_privileges"}}, {"model": "auth.permission", "pk": 79, "fields": {"name": "Can delete \u041b\u044c\u0433\u043e\u0442\u0430", "content_type": 20, "codename": "delete_privileges"}}, {"model": "auth.permission", "pk": 80, "fields": {"name": "Can view \u041b\u044c\u0433\u043e\u0442\u0430", "content_type": 20, "codename": "view_privileges"}}, {"model": "auth.permission", "pk": 81, "fields": {"name": "Can add \u041e\u043f\u043b\u0430\u0442\u0430", "content_type": 21, "codename": "add_payment"}}, {"model": "auth.permission", "pk": 82, "fields": {"name": "Can change \u041e\u043f\u043b\u0430\u0442\u0430", "content_type": 21, "codename": "change_payment"}}, {"model": "auth.permission", "pk": 83, "fields": {"name": "Can delete \u041e\u043f\u043b\u0430\u0442\u0430", "content_type": 21, "codename": "delete_payment"}}, {"model": "auth.permission", "pk": 84, "fields": {"name": "Can view \u041e\u043f\u043b\u0430\u0442\u0430", "content_type": 21, "codename": "view_payment"}}, {"model": "auth.permission", "pk": 85, "fields": {"name": "Can add \u0414\u043e\u043c\u043e\u0432\u043e\u0439 \u0441\u0447\u0435\u0442\u0447\u0438\u043a (\u0438\u0441\u0442\u043e\u0440\u0438\u044f)", "content_type": 22, "codename": "add_househistory"}}, {"model": "auth.permission", "pk": 86, "fields": {"name": "Can change \u0414\u043e\u043c\u043e\u0432\u043e\u0439 \u0441\u0447\u0435\u0442\u0447\u0438\u043a (\u0438\u0441\u0442\u043e\u0440\u0438\u044f)", "content_type": 22, "codename": "change_househistory"}}, {"model": "auth.permission", "pk": 87, "fields": {"name": "Can delete \u0414\u043e\u043c\u043e\u0432\u043e\u0439 \u0441\u0447\u0435\u0442\u0447\u0438\u043a (\u0438\u0441\u0442\u043e\u0440\u0438\u044f)", "content_type": 22, "codename": "delete_househistory"}}, {"model": "auth.permission", "pk": 88, "fields": {"name": "Can view \u0414\u043e\u043c\u043e\u0432\u043e\u0439 \u0441\u0447\u0435\u0442\u0447\u0438\u043a (\u0438\u0441\u0442\u043e\u0440\u0438\u044f)", "content_type": 22, "codename": "view_househistory"}}, {"model": "auth.permission", "pk": 89, "fields": {"name": "Can add \u0414\u043e\u043c\u043e\u0432\u043e\u0439 \u0441\u0447\u0435\u0442\u0447\u0438\u043a (\u0442\u0435\u043a\u0443\u0449\u0438\u0439)", "content_type": 23, "codename": "add_housecurrent"}}, {"model": "auth.permission", "pk": 90, "fields": {"name": "Can change \u0414\u043e\u043c\u043e\u0432\u043e\u0439 \u0441\u0447\u0435\u0442\u0447\u0438\u043a (\u0442\u0435\u043a\u0443\u0449\u0438\u0439)", "content_type": 23, "codename": "change_housecurrent"}}, {"model": "auth.permission", "pk": 91, "fields": {"name": "Can delete \u0414\u043e\u043c\u043e\u0432\u043e\u0439 \u0441\u0447\u0435\u0442\u0447\u0438\u043a (\u0442\u0435\u043a\u0443\u0449\u0438\u0439)", "content_type": 23, "codename": "delete_housecurrent"}}, {"model": "auth.permission", "pk": 92, "fields": {"name": "Can view \u0414\u043e\u043c\u043e\u0432\u043e\u0439 \u0441\u0447\u0435\u0442\u0447\u0438\u043a (\u0442\u0435\u043a\u0443\u0449\u0438\u0439)", "content_type": 23, "codename": "view_housecurrent"}}, {"model": "auth.permission", "pk": 93, "fields": {"name": "Can add \u0418\u043d\u0434\u0438\u0432\u0438\u0434. \u0441\u0447\u0435\u0442\u0447\u0438\u043a (\u0438\u0441\u0442\u043e\u0440\u0438\u044f)", "content_type": 24, "codename": "add_historycounter"}}, {"model": "auth.permission", "pk": 94, "fields": {"name": "Can change \u0418\u043d\u0434\u0438\u0432\u0438\u0434. \u0441\u0447\u0435\u0442\u0447\u0438\u043a (\u0438\u0441\u0442\u043e\u0440\u0438\u044f)", "content_type": 24, "codename": "change_historycounter"}}, {"model": "auth.permission", "pk": 95, "fields": {"name": "Can delete \u0418\u043d\u0434\u0438\u0432\u0438\u0434. \u0441\u0447\u0435\u0442\u0447\u0438\u043a (\u0438\u0441\u0442\u043e\u0440\u0438\u044f)", "content_type": 24, "codename": "delete_historycounter"}}, {"model": "auth.permission", "pk": 96, "fields": {"name": "Can view \u0418\u043d\u0434\u0438\u0432\u0438\u0434. \u0441\u0447\u0435\u0442\u0447\u0438\u043a (\u0438\u0441\u0442\u043e\u0440\u0438\u044f)", "content_type": 24, "codename": "view_historycounter"}}, {"model": "auth.permission", "pk": 97, "fields": {"name": "Can add \u0418\u043d\u0434\u0438\u0432\u0438\u0434. \u0441\u0447\u0435\u0442\u0447\u0438\u043a (\u0442\u0435\u043a\u0443\u0449\u0438\u0439)", "content_type": 25, "codename": "add_currentcounter"}}, {"model": "auth.permission", "pk": 98, "fields": {"name": "Can change \u0418\u043d\u0434\u0438\u0432\u0438\u0434. \u0441\u0447\u0435\u0442\u0447\u0438\u043a (\u0442\u0435\u043a\u0443\u0449\u0438\u0439)", "content_type": 25, "codename": "change_currentcounter"}}, {"model": "auth.permission", "pk": 99, "fields": {"name": "Can delete \u0418\u043d\u0434\u0438\u0432\u0438\u0434. \u0441\u0447\u0435\u0442\u0447\u0438\u043a (\u0442\u0435\u043a\u0443\u0449\u0438\u0439)", "content_type": 25, "codename": "delete_currentcounter"}}, {"model": "auth.permission", "pk": 100, "fields": {"name": "Can view \u0418\u043d\u0434\u0438\u0432\u0438\u0434. \u0441\u0447\u0435\u0442\u0447\u0438\u043a (\u0442\u0435\u043a\u0443\u0449\u0438\u0439)", "content_type": 25, "codename": "view_currentcounter"}}, {"model": "auth.permission", "pk": 101, "fields": {"name": "Can add \u041f\u043b\u0430\u0442\u0435\u0436 (\u043f\u043e\u0441\u0442\u043e\u044f\u043d\u043d\u044b\u0435)", "content_type": 26, "codename": "add_constantpayments"}}, {"model": "auth.permission", "pk": 102, "fields": {"name": "Can change \u041f\u043b\u0430\u0442\u0435\u0436 (\u043f\u043e\u0441\u0442\u043e\u044f\u043d\u043d\u044b\u0435)", "content_type": 26, "codename": "change_constantpayments"}}, {"model": "auth.permission", "pk": 103, "fields": {"name": "Can delete \u041f\u043b\u0430\u0442\u0435\u0436 (\u043f\u043e\u0441\u0442\u043e\u044f\u043d\u043d\u044b\u0435)", "content_type": 26, "codename": "delete_constantpayments"}}, {"model": "auth.permission", "pk": 104, "fields": {"name": "Can view \u041f\u043b\u0430\u0442\u0435\u0436 (\u043f\u043e\u0441\u0442\u043e\u044f\u043d\u043d\u044b\u0435)", "content_type": 26, "codename": "view_constantpayments"}}, {"model": "auth.permission", "pk": 105, "fields": {"name": "Can add \u041f\u043e\u043b\u044c\u0437\u043e\u0432\u0430\u0442\u0435\u043b\u044c", "content_type": 27, "codename": "add_user"}}, {"model": "auth.permission", "pk": 106, "fields": {"name": "Can change \u041f\u043e\u043b\u044c\u0437\u043e\u0432\u0430\u0442\u0435\u043b\u044c", "content_type": 27, "codename": "change_user"}}, {"model": "auth.permission", "pk": 107, "fields": {"name": "Can delete \u041f\u043e\u043b\u044c\u0437\u043e\u0432\u0430\u0442\u0435\u043b\u044c", "content_type": 27, "codename": "delete_user"}}, {"model": "auth.permission", "pk": 108, "fields": {"name": "Can view \u041f\u043e\u043b\u044c\u0437\u043e\u0432\u0430\u0442\u0435\u043b\u044c", "content_type": 27, "codename": "view_user"}}, {"model": "auth.group", "pk": 1, "fields": {"name": "Manager", "permissions": [105, 106, 108, 13, 14, 16, 21, 22, 24, 25, 26, 28, 101, 102, 104, 97, 98, 100, 96, 29, 30, 32, 89, 90, 92, 88, 33, 34, 36, 81, 82, 84, 77, 78, 80, 73, 74, 76, 69, 70, 72, 37, 38, 40, 41, 42, 44, 65, 66, 68, 45, 46, 48, 61, 62, 64, 57, 58, 60, 53, 54, 56, 49, 50, 52, 17]}}, {"model": "auth.group", "pk": 2, "fields": {"name": "Client", "permissions": [108, 16, 24, 28, 104, 97, 98, 100, 96, 32, 92, 88, 36, 84, 80, 76, 72, 40, 44, 68, 48, 64, 60, 56, 52, 20]}}, {"model": "authnapp.user", "pk": 1, "fields": {"is_client": true, "is_staff": true, "personal_account": "admin", "password": "pbkdf2_sha256$150000$qvL1wjvrA6ih$ZbCNJtLfvOTG1BTw9Y7R/gWAfflzz3rlfkWTj3Mh7o8=", "name": "", "email": "admin@admin.com", "phone": "", "is_active": true, "is_superuser": true, "last_login": "2021-04-15T14:29:39.759Z", "activation_key": "", "activation_key_expires": "2021-04-14T03:00:29.359Z", "groups": [], "user_permissions": []}}, {"model": "authnapp.user", "pk": 2, "fields": {"is_client": true, "is_staff": true, "personal_account": "777001", "password": "pbkdf2_sha256$150000$01zZa6pB5d8o$rbmwkikd2nLgS309ok+z9Az/E15ziSyjup+904UQmeo=", "name": "\u041f\u0435\u0442\u0440\u043e\u0432 \u0418\u0432\u0430\u043d \u0418\u0432\u0430\u043d\u043e\u0432\u0438\u0447", "email": null, "phone": "78987878766", "is_active": true, "is_superuser": false, "last_login": "2021-04-15T14:29:57.490Z", "activation_key": "", "activation_key_expires": "2021-04-17T10:09:11.536Z", "groups": [1], "user_permissions": []}}, {"model": "authnapp.user", "pk": 3, "fields": {"is_client": true, "is_staff": true, "personal_account": "777002", "password": "pbkdf2_sha256$150000$ZIVpIjbP1Zdm$N2cy50Dhm/AgVyjv4hHVvXmoHq4YWbZmO89KWyMQW4k=", "name": "\u0421\u0438\u0434\u043e\u0440\u043e\u0432\u0430 \u0418\u0440\u0438\u043d\u0430 \u0418\u0432\u0430\u043d\u043e\u0432\u043d\u0430", "email": null, "phone": "78900989877", "is_active": true, "is_superuser": false, "last_login": null, "activation_key": "", "activation_key_expires": "2021-04-17T10:09:11.536Z", "groups": [1], "user_permissions": []}}, {"model": "authnapp.user", "pk": 4, "fields": {"is_client": true, "is_staff": false, "personal_account": "111001", "password": "pbkdf2_sha256$150000$Qc8cc6GQWglZ$DUlPjdeEbefie8d7NGsk9TJGPWKDy+unW4ph95k1Sfw=", "name": "\u042f\u043a\u0443\u0448\u0435\u0432\u0430 \u0415\u043b\u0435\u043d\u0430 \u041d\u0438\u043a\u043e\u043b\u0430\u0435\u0432\u043d\u0430", "email": "elena@uk.ru", "phone": "78909879987", "is_active": true, "is_superuser": false, "last_login": "2021-04-15T14:27:00.870Z", "activation_key": "", "activation_key_expires": "2021-04-17T10:09:11.536Z", "groups": [2], "user_permissions": []}}, {"model": "authnapp.user", "pk": 5, "fields": {"is_client": true, "is_staff": false, "personal_account": "111002", "password": "pbkdf2_sha256$150000$ZKZV0MP0HKyP$jXcbTKfrntlPzXMgI7+qfc5ZsuaeD+GQXbwz/VBoAc0=", "name": "\u0414\u0435\u0440\u0435\u0432\u044f\u043d\u043a\u043e \u0420\u0430\u0434\u0438\u043e\u043d \u0420\u0430\u0434\u0438\u043e\u043d\u043e\u0432\u0438\u0447", "email": null, "phone": "78987678874", "is_active": true, "is_superuser": false, "last_login": "2021-04-15T14:28:50.699Z", "activation_key": "", "activation_key_expires": "2021-04-17T10:09:11.536Z", "groups": [2], "user_permissions": []}}, {"model": "authnapp.user", "pk": 6, "fields": {"is_client": true, "is_staff": false, "personal_account": "111003", "password": "pbkdf2_sha256$150000$RPPBZ4wriVdC$f2SQZyj2NVyTyHna65seaT93b4AmdJbZP8Zof4lJjgg=", "name": null, "email": null, "phone": null, "is_active": true, "is_superuser": false, "last_login": "2021-04-15T14:31:18.986Z", "activation_key": "", "activation_key_expires": "2021-04-17T14:13:10.283Z", "groups": [2], "user_permissions": []}}, {"model": "mainapp.userprofile", "pk": 1, "fields": {"user": 1, "appartament": null, "type_electric_meter": "", "is_active": true, "created": "2021-04-15T09:38:30.112Z", "updated": "2021-04-15T14:29:39.777Z"}}, {"model": "mainapp.userprofile", "pk": 2, "fields": {"user": 2, "appartament": 1, "type_electric_meter": "2", "is_active": true, "created": "2021-04-15T10:10:04.578Z", "updated": "2021-04-15T14:29:57.506Z"}}, {"model": "mainapp.userprofile", "pk": 3, "fields": {"user": 3, "appartament": null, "type_electric_meter": "", "is_active": true, "created": "2021-04-15T10:10:39.281Z", "updated": "2021-04-15T10:11:03.574Z"}}, {"model": "mainapp.userprofile", "pk": 4, "fields": {"user": 4, "appartament": null, "type_electric_meter": "", "is_active": true, "created": "2021-04-15T10:11:26.008Z", "updated": "2021-04-15T14:27:00.904Z"}}, {"model": "mainapp.userprofile", "pk": 5, "fields": {"user": 5, "appartament": 2, "type_electric_meter": "2", "is_active": true, "created": "2021-04-15T10:12:18.172Z", "updated": "2021-04-15T14:28:50.720Z"}}, {"model": "mainapp.userprofile", "pk": 6, "fields": {"user": 6, "appartament": null, "type_electric_meter": "", "is_active": true, "created": "2021-04-15T14:30:13.443Z", "updated": "2021-04-15T14:31:19.007Z"}}, {"model": "admin.logentry", "pk": 1, "fields": {"action_time": "2021-04-15T10:04:06.195Z", "user": 1, "content_type": 3, "object_id": "1", "object_repr": "Manager", "action_flag": 1, "change_message": "[{\"added\": {}}]"}}, {"model": "admin.logentry", "pk": 2, "fields": {"action_time": "2021-04-15T10:04:54.087Z", "user": 1, "content_type": 3, "object_id": "2", "object_repr": "Client", "action_flag": 1, "change_message": "[{\"added\": {}}]"}}, {"model": "admin.logentry", "pk": 3, "fields": {"action_time": "2021-04-15T10:10:04.592Z", "user": 1, "content_type": 27, "object_id": "2", "object_repr": "(777001) - None", "action_flag": 1, "change_message": "[{\"added\": {}}]"}}, {"model": "admin.logentry", "pk": 4, "fields": {"action_time": "2021-04-15T10:10:26.484Z", "user": 1, "content_type": 27, "object_id": "2", "object_repr": "(777001) - \u041f\u0435\u0442\u0440\u043e\u0432 \u0418\u0432\u0430\u043d \u0418\u0432\u0430\u043d\u043e\u0432\u0438\u0447", "action_flag": 2, "change_message": "[{\"changed\": {\"fields\": [\"name\", \"phone\"]}}]"}}, {"model": "admin.logentry", "pk": 5, "fields": {"action_time": "2021-04-15T10:10:39.294Z", "user": 1, "content_type": 27, "object_id": "3", "object_repr": "(777002) - None", "action_flag": 1, "change_message": "[{\"added\": {}}]"}}, {"model": "admin.logentry", "pk": 6, "fields": {"action_time": "2021-04-15T10:11:03.581Z", "user": 1, "content_type": 27, "object_id": "3", "object_repr": "(777002) - \u0421\u0438\u0434\u043e\u0440\u043e\u0432\u0430 \u0418\u0440\u0438\u043d\u0430 \u0418\u0432\u0430\u043d\u043e\u0432\u043d\u0430", "action_flag": 2, "change_message": "[{\"changed\": {\"fields\": [\"name\", \"phone\"]}}]"}}, {"model": "admin.logentry", "pk": 7, "fields": {"action_time": "2021-04-15T10:11:26.018Z", "user": 1, "content_type": 27, "object_id": "4", "object_repr": "(111001) - None", "action_flag": 1, "change_message": "[{\"added\": {}}]"}}, {"model": "admin.logentry", "pk": 8, "fields": {"action_time": "2021-04-15T10:11:55.218Z", "user": 1, "content_type": 27, "object_id": "4", "object_repr": "(111001) - \u042f\u043a\u0443\u0448\u0435\u0432\u0430 \u0415\u043b\u0435\u043d\u0430 \u041d\u0438\u043a\u043e\u043b\u0430\u0435\u0432\u043d\u0430", "action_flag": 2, "change_message": "[{\"changed\": {\"fields\": [\"name\", \"email\", \"phone\"]}}]"}}, {"model": "admin.logentry", "pk": 9, "fields": {"action_time": "2021-04-15T10:12:18.185Z", "user": 1, "content_type": 27, "object_id": "5", "object_repr": "(111002) - None", "action_flag": 1, "change_message": "[{\"added\": {}}]"}}, {"model": "admin.logentry", "pk": 10, "fields": {"action_time": "2021-04-15T10:12:50.426Z", "user": 1, "content_type": 27, "object_id": "5", "object_repr": "(111002) - \u0414\u0435\u0440\u0435\u0432\u044f\u043d\u043a\u043e \u0420\u0430\u0434\u0438\u043e\u043d \u0420\u0430\u0434\u0438\u043e\u043d\u043e\u0432\u0438\u0447", "action_flag": 2, "change_message": "[{\"changed\": {\"fields\": [\"name\", \"phone\"]}}]"}}, {"model": "admin.logentry", "pk": 11, "fields": {"action_time": "2021-04-15T10:13:23.587Z", "user": 1, "content_type": 27, "object_id": "4", "object_repr": "(111001) - \u042f\u043a\u0443\u0448\u0435\u0432\u0430 \u0415\u043b\u0435\u043d\u0430 \u041d\u0438\u043a\u043e\u043b\u0430\u0435\u0432\u043d\u0430", "action_flag": 2, "change_message": "[{\"changed\": {\"fields\": [\"is_staff\", \"groups\"]}}]"}}, {"model": "admin.logentry", "pk": 12, "fields": {"action_time": "2021-04-15T10:13:31.181Z", "user": 1, "content_type": 27, "object_id": "5", "object_repr": "(111002) - \u0414\u0435\u0440\u0435\u0432\u044f\u043d\u043a\u043e \u0420\u0430\u0434\u0438\u043e\u043d \u0420\u0430\u0434\u0438\u043e\u043d\u043e\u0432\u0438\u0447", "action_flag": 2, "change_message": "[{\"changed\": {\"fields\": [\"is_staff\", \"groups\"]}}]"}}, {"model": "admin.logentry", "pk": 13, "fields": {"action_time": "2021-04-15T10:13:53.330Z", "user": 1, "content_type": 27, "object_id": "4", "object_repr": "(111001) - \u042f\u043a\u0443\u0448\u0435\u0432\u0430 \u0415\u043b\u0435\u043d\u0430 \u041d\u0438\u043a\u043e\u043b\u0430\u0435\u0432\u043d\u0430", "action_flag": 2, "change_message": "[{\"changed\": {\"fields\": [\"is_staff\"]}}]"}}, {"model": "admin.logentry", "pk": 14, "fields": {"action_time": "2021-04-15T10:14:28.270Z", "user": 1, "content_type": 27, "object_id": "4", "object_repr": "(111001) - \u042f\u043a\u0443\u0448\u0435\u0432\u0430 \u0415\u043b\u0435\u043d\u0430 \u041d\u0438\u043a\u043e\u043b\u0430\u0435\u0432\u043d\u0430", "action_flag": 2, "change_message": "[{\"changed\": {\"fields\": [\"is_staff\"]}}]"}}, {"model": "admin.logentry", "pk": 15, "fields": {"action_time": "2021-04-15T10:15:36.814Z", "user": 1, "content_type": 7, "object_id": "1", "object_repr": "\u0422\u044e\u043c\u0435\u043d\u044c", "action_flag": 1, "change_message": "[{\"added\": {}}, {\"added\": {\"name\": \"\\u0423\\u043b\\u0438\\u0446\\u0430\", \"object\": \"\\u0443\\u043b.\\u0421\\u043e\\u044e\\u0437\\u043d\\u0430\\u044f\"}}, {\"added\": {\"name\": \"\\u0423\\u043b\\u0438\\u0446\\u0430\", \"object\": \"\\u0443\\u043b.\\u041f\\u0443\\u0448\\u043a\\u0438\\u043d\\u0441\\u043a\\u0430\\u044f\"}}, {\"added\": {\"name\": \"\\u0423\\u043b\\u0438\\u0446\\u0430\", \"object\": \"\\u0443\\u043b.\\u041b\\u0435\\u0444\\u043e\\u0440\\u0442\\u043e\\u0432\\u0441\\u043a\\u0438\\u0439 \\u0432\\u0430\\u043b\"}}, {\"added\": {\"name\": \"\\u0423\\u043b\\u0438\\u0446\\u0430\", \"object\": \"\\u0443\\u043b.\\u041d\\u0435\\u043c\\u0447\\u0438\\u043d\\u043e\\u0432\\u0430\"}}]"}}, {"model": "admin.logentry", "pk": 16, "fields": {"action_time": "2021-04-15T14:13:34.743Z", "user": 1, "content_type": 9, "object_id": "1", "object_repr": "\u043c2", "action_flag": 1, "change_message": "[{\"added\": {}}]"}}, {"model": "admin.logentry", "pk": 17, "fields": {"action_time": "2021-04-15T14:13:41.130Z", "user": 1, "content_type": 9, "object_id": "2", "object_repr": "\u043c3", "action_flag": 1, "change_message": "[{\"added\": {}}]"}}, {"model": "admin.logentry", "pk": 18, "fields": {"action_time": "2021-04-15T14:13:51.308Z", "user": 1, "content_type": 9, "object_id": "3", "object_repr": "\u043a\u0412\u0442.\u0447", "action_flag": 1, "change_message": "[{\"added\": {}}]"}}, {"model": "admin.logentry", "pk": 19, "fields": {"action_time": "2021-04-15T14:13:56.291Z", "user": 1, "content_type": 9, "object_id": "4", "object_repr": "\u043a\u0432", "action_flag": 1, "change_message": "[{\"added\": {}}]"}}, {"model": "admin.logentry", "pk": 20, "fields": {"action_time": "2021-04-15T14:14:02.848Z", "user": 1, "content_type": 9, "object_id": "5", "object_repr": "\u0447\u0435\u043b", "action_flag": 1, "change_message": "[{\"added\": {}}]"}}, {"model": "admin.logentry", "pk": 21, "fields": {"action_time": "2021-04-15T14:14:10.511Z", "user": 1, "content_type": 9, "object_id": "6", "object_repr": "\u0448\u0442", "action_flag": 1, "change_message": "[{\"added\": {}}]"}}, {"model": "admin.logentry", "pk": 22, "fields": {"action_time": "2021-04-15T14:14:18.042Z", "user": 1, "content_type": 9, "object_id": "7", "object_repr": "\u0413\u043a\u0430\u043b", "action_flag": 1, "change_message": "[{\"added\": {}}]"}}, {"model": "admin.logentry", "pk": 23, "fields": {"action_time": "2021-04-15T14:19:40.415Z", "user": 1, "content_type": 11, "object_id": "1", "object_repr": "\u0422\u0430\u0440\u0438\u0444 1", "action_flag": 1, "change_message": "[{\"added\": {}}, {\"added\": {\"name\": \"\\u0423\\u0441\\u043b\\u0443\\u0433\\u0443\", \"object\": \"\\u0412\\u0437\\u043d\\u043e\\u0441\\u044b \\u043d\\u0430 \\u043a\\u0430\\u043f\\u0438\\u0442\\u0430\\u043b\\u044c\\u043d\\u044b\\u0439 \\u0440\\u0435\\u043c\\u043e\\u043d\\u0442 (\\u0422\\u0430\\u0440\\u0438\\u0444 1)\"}}, {\"added\": {\"name\": \"\\u0423\\u0441\\u043b\\u0443\\u0433\\u0443\", \"object\": \"\\u0425\\u043e\\u043b\\u043e\\u0434\\u043d\\u0430\\u044f \\u0432\\u043e\\u0434\\u0430 (\\u0422\\u0430\\u0440\\u0438\\u0444 1)\"}}, {\"added\": {\"name\": \"\\u0423\\u0441\\u043b\\u0443\\u0433\\u0443\", \"object\": \"\\u0413\\u043e\\u0440\\u044f\\u0447\\u0430\\u044f \\u0432\\u043e\\u0434\\u0430 (\\u0422\\u0430\\u0440\\u0438\\u0444 1)\"}}, {\"added\": {\"name\": \"\\u0423\\u0441\\u043b\\u0443\\u0433\\u0443\", \"object\": \"\\u0412\\u043e\\u0434\\u043e\\u043e\\u0442\\u0432\\u0435\\u0434\\u0435\\u043d\\u0438\\u0435 (\\u0422\\u0430\\u0440\\u0438\\u0444 1)\"}}, {\"added\": {\"name\": \"\\u0423\\u0441\\u043b\\u0443\\u0433\\u0443\", \"object\": \"\\u042d\\u043b\\u0435\\u043a\\u0442\\u0440\\u043e\\u044d\\u043d\\u0435\\u0440\\u0433\\u0438\\u044f \\u0434\\u0435\\u043d\\u044c (\\u0422\\u0430\\u0440\\u0438\\u0444 1)\"}}, {\"added\": {\"name\": \"\\u0423\\u0441\\u043b\\u0443\\u0433\\u0443\", \"object\": \"\\u042d\\u043b\\u0435\\u043a\\u0442\\u0440\\u043e\\u044d\\u043d\\u0435\\u0440\\u0433\\u0438\\u044f \\u043d\\u043e\\u0447\\u044c (\\u0422\\u0430\\u0440\\u0438\\u0444 1)\"}}, {\"added\": {\"name\": \"\\u0423\\u0441\\u043b\\u0443\\u0433\\u0443\", \"object\": \"\\u041e\\u0431\\u0440\\u0430\\u0449\\u0435\\u043d\\u0438\\u0435 \\u0441 \\u0422\\u041a\\u041e (\\u0422\\u0430\\u0440\\u0438\\u0444 1)\"}}, {\"added\": {\"name\": \"\\u0423\\u0441\\u043b\\u0443\\u0433\\u0443\", \"object\": \"\\u041e\\u0431\\u0441\\u043b\\u0443\\u0436\\u0438\\u0432\\u0430\\u043d\\u0438\\u0435 \\u0441\\u0438\\u0441\\u0442\\u0435\\u043c \\u0432\\u0438\\u0434\\u0435\\u043e\\u043d\\u0430\\u0431\\u043b\\u044e\\u0434\\u0435\\u043d\\u0438\\u044f (\\u0422\\u0430\\u0440\\u0438\\u0444 1)\"}}, {\"added\": {\"name\": \"\\u0423\\u0441\\u043b\\u0443\\u0433\\u0443\", \"object\": \"\\u0421\\u043e\\u0434\\u0435\\u0440\\u0436\\u0430\\u043d\\u0438\\u0435 \\u043e\\u0431\\u0449 \\u0438\\u043c\\u043c\\u0443\\u0449 \\u0434\\u043e\\u043c\\u0430 (\\u0422\\u0430\\u0440\\u0438\\u0444 1)\"}}, {\"added\": {\"name\": \"\\u0423\\u0441\\u043b\\u0443\\u0433\\u0443\", \"object\": \"\\u0422\\u0435\\u0445 \\u043e\\u0431\\u0441\\u043b\\u0443\\u0436 \\u043b\\u0438\\u0444\\u0442\\u043e\\u0432\\u043e\\u0433\\u043e \\u0438\\u043c\\u043c\\u0443\\u0449\\u0435\\u0441\\u0442\\u0432\\u0430 (\\u0422\\u0430\\u0440\\u0438\\u0444 1)\"}}, {\"added\": {\"name\": \"\\u0423\\u0441\\u043b\\u0443\\u0433\\u0443\", \"object\": \"\\u0422\\u041e \\u043e\\u0431\\u0449 \\u043a\\u043e\\u043c\\u043c\\u0443\\u043d\\u0438\\u043a\\u0430\\u0446 \\u0442\\u0435\\u0445 \\u0443\\u0441\\u0442\\u0440\\u043e\\u0439\\u0441\\u0442\\u0432 \\u0438 \\u043f\\u043e\\u043c\\u0435\\u0449\\u0435\\u043d\\u0438\\u0439 (\\u0422\\u0430\\u0440\\u0438\\u0444 1)\"}}, {\"added\": {\"name\": \"\\u0423\\u0441\\u043b\\u0443\\u0433\\u0443\", \"object\": \"\\u0423\\u043f\\u0440\\u0430\\u0432\\u043b\\u0435\\u043d\\u0438\\u0435 \\u0434\\u043e\\u043c\\u043e\\u043c (\\u0422\\u0430\\u0440\\u0438\\u0444 1)\"}}]"}}, {"model": "admin.logentry", "pk": 24, "fields": {"action_time": "2021-04-15T14:21:05.112Z", "user": 1, "content_type": 15, "object_id": "1", "object_repr": "\u041e\u041e\u041e \u041d\u043e\u0432\u044b\u0439 \u0433\u043e\u0440\u043e\u0434", "action_flag": 1, "change_message": "[{\"added\": {}}]"}}, {"model": "admin.logentry", "pk": 25, "fields": {"action_time": "2021-04-15T14:22:08.068Z", "user": 1, "content_type": 8, "object_id": "1", "object_repr": "\u0414\u043e\u043c \u21161, \u043a.-, \u0443\u043b.\u0421\u043e\u044e\u0437\u043d\u0430\u044f", "action_flag": 1, "change_message": "[{\"added\": {}}, {\"added\": {\"name\": \"\\u041a\\u0432\\u0430\\u0440\\u0442\\u0438\\u0440\\u0430\", \"object\": \"\\u0443\\u043b.\\u0421\\u043e\\u044e\\u0437\\u043d\\u0430\\u044f, \\u0434.1, \\u043a\\u0432.1, \\u043a\\u043e\\u043c\\u043d.-\"}}, {\"added\": {\"name\": \"\\u041a\\u0432\\u0430\\u0440\\u0442\\u0438\\u0440\\u0430\", \"object\": \"\\u0443\\u043b.\\u0421\\u043e\\u044e\\u0437\\u043d\\u0430\\u044f, \\u0434.1, \\u043a\\u0432.2, \\u043a\\u043e\\u043c\\u043d.-\"}}, {\"added\": {\"name\": \"\\u041a\\u0432\\u0430\\u0440\\u0442\\u0438\\u0440\\u0430\", \"object\": \"\\u0443\\u043b.\\u0421\\u043e\\u044e\\u0437\\u043d\\u0430\\u044f, \\u0434.1, \\u043a\\u0432.3, \\u043a\\u043e\\u043c\\u043d.-\"}}, {\"added\": {\"name\": \"\\u041a\\u0432\\u0430\\u0440\\u0442\\u0438\\u0440\\u0430\", \"object\": \"\\u0443\\u043b.\\u0421\\u043e\\u044e\\u0437\\u043d\\u0430\\u044f, \\u0434.1, \\u043a\\u0432.4, \\u043a\\u043e\\u043c\\u043d.-\"}}]"}}, {"model": "admin.logentry", "pk": 26, "fields": {"action_time": "2021-04-15T14:23:03.623Z", "user": 1, "content_type": 8, "object_id": "2", "object_repr": "\u0414\u043e\u043c \u211613, \u043a.-, \u0443\u043b.\u041f\u0443\u0448\u043a\u0438\u043d\u0441\u043a\u0430\u044f", "action_flag": 1, "change_message": "[{\"added\": {}}, {\"added\": {\"name\": \"\\u041a\\u0432\\u0430\\u0440\\u0442\\u0438\\u0440\\u0430\", \"object\": \"\\u0443\\u043b.\\u041f\\u0443\\u0448\\u043a\\u0438\\u043d\\u0441\\u043a\\u0430\\u044f, \\u0434.13, \\u043a\\u0432.1, \\u043a\\u043e\\u043c\\u043d.-\"}}, {\"added\": {\"name\": \"\\u041a\\u0432\\u0430\\u0440\\u0442\\u0438\\u0440\\u0430\", \"object\": \"\\u0443\\u043b.\\u041f\\u0443\\u0448\\u043a\\u0438\\u043d\\u0441\\u043a\\u0430\\u044f, \\u0434.13, \\u043a\\u0432.2, \\u043a\\u043e\\u043c\\u043d.-\"}}, {\"added\": {\"name\": \"\\u041a\\u0432\\u0430\\u0440\\u0442\\u0438\\u0440\\u0430\", \"object\": \"\\u0443\\u043b.\\u041f\\u0443\\u0448\\u043a\\u0438\\u043d\\u0441\\u043a\\u0430\\u044f, \\u0434.13, \\u043a\\u0432.3, \\u043a\\u043e\\u043c\\u043d.-\"}}, {\"added\": {\"name\": \"\\u041a\\u0432\\u0430\\u0440\\u0442\\u0438\\u0440\\u0430\", \"object\": \"\\u0443\\u043b.\\u041f\\u0443\\u0448\\u043a\\u0438\\u043d\\u0441\\u043a\\u0430\\u044f, \\u0434.13, \\u043a\\u0432.4, \\u043a\\u043e\\u043c\\u043d.-\"}}]"}}, {"model": "admin.logentry", "pk": 27, "fields": {"action_time": "2021-04-15T14:24:44.032Z", "user": 1, "content_type": 14, "object_id": "2", "object_repr": "777001 - \u041f\u0435\u0442\u0440\u043e\u0432 \u0418\u0432\u0430\u043d \u0418\u0432\u0430\u043d\u043e\u0432\u0438\u0447 (\u041c\u0435\u043d\u0435\u0434\u0436\u0435\u0440)", "action_flag": 2, "change_message": "[{\"changed\": {\"fields\": [\"appartament\", \"type_electric_meter\"]}}, {\"added\": {\"name\": \"\\u0421\\u0443\\u0431\\u0441\\u0438\\u0434\\u0438\\u044f\", \"object\": \"\\u041f\\u0435\\u0442\\u0440\\u043e\\u0432 \\u0418\\u0432\\u0430\\u043d \\u0418\\u0432\\u0430\\u043d\\u043e\\u0432\\u0438\\u0447 (777001) - \\u0425\\u043e\\u043b\\u043e\\u0434\\u043d\\u0430\\u044f \\u0432\\u043e\\u0434\\u0430\"}}, {\"added\": {\"name\": \"\\u0421\\u0443\\u0431\\u0441\\u0438\\u0434\\u0438\\u044f\", \"object\": \"\\u041f\\u0435\\u0442\\u0440\\u043e\\u0432 \\u0418\\u0432\\u0430\\u043d \\u0418\\u0432\\u0430\\u043d\\u043e\\u0432\\u0438\\u0447 (777001) - \\u0413\\u043e\\u0440\\u044f\\u0447\\u0430\\u044f \\u0432\\u043e\\u0434\\u0430\"}}, {\"added\": {\"name\": \"\\u0421\\u0443\\u0431\\u0441\\u0438\\u0434\\u0438\\u044f\", \"object\": \"\\u041f\\u0435\\u0442\\u0440\\u043e\\u0432 \\u0418\\u0432\\u0430\\u043d \\u0418\\u0432\\u0430\\u043d\\u043e\\u0432\\u0438\\u0447 (777001) - \\u042d\\u043b\\u0435\\u043a\\u0442\\u0440\\u043e\\u044d\\u043d\\u0435\\u0440\\u0433\\u0438\\u044f \\u0434\\u0435\\u043d\\u044c\"}}]"}}, {"model": "admin.logentry", "pk": 28, "fields": {"action_time": "2021-04-15T14:25:48.118Z", "user": 1, "content_type": 14, "object_id": "5", "object_repr": "111002 - \u0414\u0435\u0440\u0435\u0432\u044f\u043d\u043a\u043e \u0420\u0430\u0434\u0438\u043e\u043d \u0420\u0430\u0434\u0438\u043e\u043d\u043e\u0432\u0438\u0447 (\u041a\u043b\u0438\u0435\u043d\u0442)", "action_flag": 2, "change_message": "[{\"changed\": {\"fields\": [\"appartament\", \"type_electric_meter\"]}}, {\"added\": {\"name\": \"\\u041b\\u044c\\u0433\\u043e\\u0442\\u0430\", \"object\": \"\\u0414\\u0435\\u0440\\u0435\\u0432\\u044f\\u043d\\u043a\\u043e \\u0420\\u0430\\u0434\\u0438\\u043e\\u043d \\u0420\\u0430\\u0434\\u0438\\u043e\\u043d\\u043e\\u0432\\u0438\\u0447 (111002) - \\u0425\\u043e\\u043b\\u043e\\u0434\\u043d\\u0430\\u044f \\u0432\\u043e\\u0434\\u0430\"}}, {\"added\": {\"name\": \"\\u041b\\u044c\\u0433\\u043e\\u0442\\u0430\", \"object\": \"\\u0414\\u0435\\u0440\\u0435\\u0432\\u044f\\u043d\\u043a\\u043e \\u0420\\u0430\\u0434\\u0438\\u043e\\u043d \\u0420\\u0430\\u0434\\u0438\\u043e\\u043d\\u043e\\u0432\\u0438\\u0447 (111002) - \\u0413\\u043e\\u0440\\u044f\\u0447\\u0430\\u044f \\u0432\\u043e\\u0434\\u0430\"}}, {\"added\": {\"name\": \"\\u041b\\u044c\\u0433\\u043e\\u0442\\u0430\", \"object\": \"\\u0414\\u0435\\u0440\\u0435\\u0432\\u044f\\u043d\\u043a\\u043e \\u0420\\u0430\\u0434\\u0438\\u043e\\u043d \\u0420\\u0430\\u0434\\u0438\\u043e\\u043d\\u043e\\u0432\\u0438\\u0447 (111002) - \\u042d\\u043b\\u0435\\u043a\\u0442\\u0440\\u043e\\u044d\\u043d\\u0435\\u0440\\u0433\\u0438\\u044f \\u0434\\u0435\\u043d\\u044c\"}}]"}}, {"model": "admin.logentry", "pk": 29, "fields": {"action_time": "2021-04-15T14:26:06.587Z", "user": 1, "content_type": 14, "object_id": "5", "object_repr": "111002 - \u0414\u0435\u0440\u0435\u0432\u044f\u043d\u043a\u043e \u0420\u0430\u0434\u0438\u043e\u043d \u0420\u0430\u0434\u0438\u043e\u043d\u043e\u0432\u0438\u0447 (\u041a\u043b\u0438\u0435\u043d\u0442)", "action_flag": 2, "change_message": "[]"}}, {"model": "admin.logentry", "pk": 30, "fields": {"action_time": "2021-04-15T14:30:13.454Z", "user": 2, "content_type": 27, "object_id": "6", "object_repr": "(111003) - None", "action_flag": 1, "change_message": "[{\"added\": {}}]"}}, {"model": "admin.logentry", "pk": 31, "fields": {"action_time": "2021-04-15T14:30:27.512Z", "user": 2, "content_type": 27, "object_id": "6", "object_repr": "(111003) - None", "action_flag": 2, "change_message": "[]"}}]