[{"model": "contenttypes.contenttype", "pk": 1, "fields": {"app_label": "admin", "model": "logentry"}}, {"model": "contenttypes.contenttype", "pk": 2, "fields": {"app_label": "auth", "model": "permission"}}, {"model": "contenttypes.contenttype", "pk": 3, "fields": {"app_label": "auth", "model": "group"}}, {"model": "contenttypes.contenttype", "pk": 4, "fields": {"app_label": "contenttypes", "model": "contenttype"}}, {"model": "contenttypes.contenttype", "pk": 5, "fields": {"app_label": "sessions", "model": "session"}}, {"model": "contenttypes.contenttype", "pk": 6, "fields": {"app_label": "mainapp", "model": "appartament"}}, {"model": "contenttypes.contenttype", "pk": 7, "fields": {"app_label": "mainapp", "model": "city"}}, {"model": "contenttypes.contenttype", "pk": 8, "fields": {"app_label": "mainapp", "model": "house"}}, {"model": "contenttypes.contenttype", "pk": 9, "fields": {"app_label": "mainapp", "model": "metrics"}}, {"model": "contenttypes.contenttype", "pk": 10, "fields": {"app_label": "mainapp", "model": "services"}}, {"model": "contenttypes.contenttype", "pk": 11, "fields": {"app_label": "mainapp", "model": "servicescategory"}}, {"model": "contenttypes.contenttype", "pk": 12, "fields": {"app_label": "mainapp", "model": "street"}}, {"model": "contenttypes.contenttype", "pk": 13, "fields": {"app_label": "mainapp", "model": "variablepayments"}}, {"model": "contenttypes.contenttype", "pk": 14, "fields": {"app_label": "mainapp", "model": "userprofile"}}, {"model": "contenttypes.contenttype", "pk": 15, "fields": {"app_label": "mainapp", "model": "uk"}}, {"model": "contenttypes.contenttype", "pk": 16, "fields": {"app_label": "mainapp", "model": "subsidies"}}, {"model": "contenttypes.contenttype", "pk": 17, "fields": {"app_label": "mainapp", "model": "standart"}}, {"model": "contenttypes.contenttype", "pk": 18, "fields": {"app_label": "mainapp", "model": "recalculations"}}, {"model": "contenttypes.contenttype", "pk": 19, "fields": {"app_label": "mainapp", "model": "profit"}}, {"model": "contenttypes.contenttype", "pk": 20, "fields": {"app_label": "mainapp", "model": "privileges"}}, {"model": "contenttypes.contenttype", "pk": 21, "fields": {"app_label": "mainapp", "model": "payment"}}, {"model": "contenttypes.contenttype", "pk": 22, "fields": {"app_label": "mainapp", "model": "househistory"}}, {"model": "contenttypes.contenttype", "pk": 23, "fields": {"app_label": "mainapp", "model": "housecurrent"}}, {"model": "contenttypes.contenttype", "pk": 24, "fields": {"app_label": "mainapp", "model": "historycounter"}}, {"model": "contenttypes.contenttype", "pk": 25, "fields": {"app_label": "mainapp", "model": "currentcounter"}}, {"model": "contenttypes.contenttype", "pk": 26, "fields": {"app_label": "mainapp", "model": "constantpayments"}}, {"model": "contenttypes.contenttype", "pk": 27, "fields": {"app_label": "authnapp", "model": "user"}}, {"model": "sessions.session", "pk": "2v09modqcw4cmkgc6dvvg740u0mvtsch", "fields": {"session_data": "Y2Y0NjAxNmMzMjgwNjhhNWUwNTRmNWIyMmQ3ZjM0ZGE3MWUyZjQ5Yjp7Il9hdXRoX3VzZXJfaWQiOiIxIiwiX2F1dGhfdXNlcl9iYWNrZW5kIjoiZGphbmdvLmNvbnRyaWIuYXV0aC5iYWNrZW5kcy5Nb2RlbEJhY2tlbmQiLCJfYXV0aF91c2VyX2hhc2giOiIyYjY5ZjY5Mjc1MDg1YjAzY2QwNzI1ZThkNTJkYjI3ZjRiYzFmZGIwIn0=", "expire_date": "2021-05-05T11:40:27.227Z"}}, {"model": "mainapp.servicescategory", "pk": 1, "fields": {"name": "\u0422\u0430\u0440\u0438\u04441", "is_active": true, "created": "2021-04-21T11:58:18.107Z", "updated": "2021-04-21T11:58:18.107Z"}}, {"model": "mainapp.metrics", "pk": 1, "fields": {"name": "\u043c2", "is_active": true, "created": "2021-04-21T11:49:39.751Z", "updated": "2021-04-21T11:49:39.751Z"}}, {"model": "mainapp.metrics", "pk": 2, "fields": {"name": "\u043c3", "is_active": true, "created": "2021-04-21T11:49:45.646Z", "updated": "2021-04-21T11:49:45.646Z"}}, {"model": "mainapp.metrics", "pk": 3, "fields": {"name": "\u043a\u0412\u0442.\u0447", "is_active": true, "created": "2021-04-21T11:49:53.191Z", "updated": "2021-04-21T11:49:53.192Z"}}, {"model": "mainapp.metrics", "pk": 4, "fields": {"name": "\u0448\u0442", "is_active": true, "created": "2021-04-21T11:49:58.715Z", "updated": "2021-04-21T11:49:58.715Z"}}, {"model": "mainapp.metrics", "pk": 5, "fields": {"name": "\u043a\u0432", "is_active": true, "created": "2021-04-21T11:50:04.293Z", "updated": "2021-04-21T11:50:04.293Z"}}, {"model": "mainapp.metrics", "pk": 6, "fields": {"name": "\u0413\u043a\u0430\u043b", "is_active": true, "created": "2021-04-21T11:50:10.081Z", "updated": "2021-04-21T11:50:10.081Z"}}, {"model": "mainapp.metrics", "pk": 7, "fields": {"name": "\u0447\u0435\u043b", "is_active": true, "created": "2021-04-21T11:50:50.381Z", "updated": "2021-04-21T11:50:50.381Z"}}, {"model": "mainapp.services", "pk": 1, "fields": {"category": 1, "name": "\u0412\u0437\u043d\u043e\u0441\u044b \u043d\u0430 \u043a\u0430\u043f\u0438\u0442\u0430\u043b\u044c\u043d\u044b\u0439 \u0440\u0435\u043c\u043e\u043d\u0442", "unit": 1, "rate": "7.500", "factor": "1.00", "const": true, "is_active": true, "created": "2021-04-21T11:58:18.122Z", "updated": "2021-04-21T11:58:18.122Z"}}, {"model": "mainapp.services", "pk": 2, "fields": {"category": 1, "name": "\u0425\u043e\u043b\u043e\u0434\u043d\u0430\u044f \u0432\u043e\u0434\u0430", "unit": 2, "rate": "32.450", "factor": "1.00", "const": true, "is_active": true, "created": "2021-04-21T11:58:18.135Z", "updated": "2021-04-21T11:58:18.135Z"}}, {"model": "mainapp.services", "pk": 3, "fields": {"category": 1, "name": "\u0413\u043e\u0440\u044f\u0447\u0430\u044f \u0432\u043e\u0434\u0430", "unit": 2, "rate": "64.000", "factor": "1.00", "const": true, "is_active": true, "created": "2021-04-21T11:58:18.137Z", "updated": "2021-04-21T11:58:18.137Z"}}, {"model": "mainapp.services", "pk": 4, "fields": {"category": 1, "name": "\u0412\u043e\u0434\u043e\u043e\u0442\u0432\u0435\u0434\u0435\u043d\u0438\u0435", "unit": 2, "rate": "20.530", "factor": "1.00", "const": true, "is_active": true, "created": "2021-04-21T11:58:18.138Z", "updated": "2021-04-21T11:58:18.139Z"}}, {"model": "mainapp.services", "pk": 5, "fields": {"category": 1, "name": "\u042d\u043b\u0435\u043a\u0442\u0440\u043e\u044d\u043d\u0435\u0440\u0433\u0438\u044f \u0434\u0435\u043d\u044c", "unit": 3, "rate": "2.110", "factor": "1.00", "const": true, "is_active": true, "created": "2021-04-21T11:58:18.140Z", "updated": "2021-04-21T11:58:18.140Z"}}, {"model": "mainapp.services", "pk": 6, "fields": {"category": 1, "name": "\u042d\u043b\u0435\u043a\u0442\u0440\u043e\u044d\u043d\u0435\u0440\u0433\u0438\u044f \u043d\u043e\u0447\u044c", "unit": 3, "rate": "1.040", "factor": "1.00", "const": true, "is_active": true, "created": "2021-04-21T11:58:18.143Z", "updated": "2021-04-21T11:58:18.143Z"}}, {"model": "mainapp.services", "pk": 7, "fields": {"category": 1, "name": "\u041e\u0431\u0440\u0430\u0449\u0435\u043d\u0438\u0435 \u0441 \u0422\u041a\u041e", "unit": 7, "rate": "141.450", "factor": "1.00", "const": true, "is_active": true, "created": "2021-04-21T11:58:18.145Z", "updated": "2021-04-21T11:58:18.145Z"}}, {"model": "mainapp.services", "pk": 8, "fields": {"category": 1, "name": "\u041e\u0431\u0441\u043b\u0443\u0436\u0438\u0432\u0430\u043d\u0438\u0435 \u0441\u0438\u0441\u0442\u0435\u043c \u0432\u0438\u0434\u0435\u043e\u043d\u0430\u0431\u043b\u044e\u0434\u0435\u043d\u0438\u044f", "unit": 5, "rate": "70.000", "factor": "1.00", "const": true, "is_active": true, "created": "2021-04-21T11:58:18.147Z", "updated": "2021-04-21T11:58:18.147Z"}}, {"model": "mainapp.services", "pk": 9, "fields": {"category": 1, "name": "\u0421\u043e\u0434\u0435\u0440\u0436\u0430\u043d\u0438\u0435 \u043e\u0431\u0449 \u0438\u043c\u043c\u0443\u0449 \u0434\u043e\u043c\u0430", "unit": 1, "rate": "2.780", "factor": "1.00", "const": true, "is_active": true, "created": "2021-04-21T11:58:18.149Z", "updated": "2021-04-21T11:58:18.149Z"}}, {"model": "mainapp.services", "pk": 10, "fields": {"category": 1, "name": "\u0422\u0435\u0445 \u043e\u0431\u0441\u043b\u0443\u0436 \u043b\u0438\u0444\u0442\u043e\u0432\u043e\u0433\u043e \u0438\u043c\u043c\u0443\u0449\u0435\u0441\u0442\u0432\u0430", "unit": 1, "rate": "5.500", "factor": "1.00", "const": true, "is_active": true, "created": "2021-04-21T11:58:18.152Z", "updated": "2021-04-21T11:58:18.152Z"}}, {"model": "mainapp.services", "pk": 11, "fields": {"category": 1, "name": "\u0422\u041e \u043e\u0431\u0449 \u043a\u043e\u043c\u043c\u0443\u043d\u0438\u043a\u0430\u0446 \u0442\u0435\u0445 \u0443\u0441\u0442\u0440\u043e\u0439\u0441\u0442\u0432 \u0438 \u043f\u043e\u043c\u0435\u0449\u0435\u043d\u0438\u0439", "unit": 1, "rate": "3.100", "factor": "1.00", "const": true, "is_active": true, "created": "2021-04-21T11:58:18.154Z", "updated": "2021-04-21T11:58:18.154Z"}}, {"model": "mainapp.services", "pk": 12, "fields": {"category": 1, "name": "\u0423\u043f\u0440\u0430\u0432\u043b\u0435\u043d\u0438\u0435 \u0434\u043e\u043c\u043e\u043c", "unit": 1, "rate": "2.640", "factor": "1.00", "const": true, "is_active": true, "created": "2021-04-21T11:58:18.156Z", "updated": "2021-04-21T11:58:18.156Z"}}, {"model": "mainapp.city", "pk": 1, "fields": {"city": "\u0422\u044e\u043c\u0435\u043d\u044c", "is_active": true, "created": "2021-04-21T11:48:29.705Z", "updated": "2021-04-21T11:48:29.705Z"}}, {"model": "mainapp.street", "pk": 1, "fields": {"city": 1, "street": "\u0421\u043e\u0432\u0435\u0442\u0441\u043a\u0430\u044f", "is_active": true, "created": "2021-04-21T11:48:29.719Z", "updated": "2021-04-21T11:48:29.719Z"}}, {"model": "mainapp.street", "pk": 2, "fields": {"city": 1, "street": "\u0414\u043c\u0438\u0442\u0440\u043e\u0432\u0441\u043a\u0430\u044f", "is_active": true, "created": "2021-04-21T11:48:29.731Z", "updated": "2021-04-21T11:48:29.731Z"}}, {"model": "mainapp.street", "pk": 3, "fields": {"city": 1, "street": "\u041f\u0440\u043e\u043b\u0435\u0442\u0430\u0440\u0441\u043a\u0430\u044f", "is_active": true, "created": "2021-04-21T11:48:29.733Z", "updated": "2021-04-21T11:48:29.733Z"}}, {"model": "mainapp.street", "pk": 4, "fields": {"city": 1, "street": "\u0422\u0440\u0443\u0431\u043d\u0430\u044f", "is_active": true, "created": "2021-04-21T11:48:29.735Z", "updated": "2021-04-21T11:48:29.735Z"}}, {"model": "mainapp.street", "pk": 5, "fields": {"city": 1, "street": "\u0421\u0432\u0435\u0442\u043b\u0430\u044f", "is_active": true, "created": "2021-04-21T11:48:29.737Z", "updated": "2021-04-21T11:48:29.737Z"}}, {"model": "mainapp.uk", "pk": 2, "fields": {"name": "\u041e\u041e\u041e \u041d\u043e\u0432\u044b\u0439 \u0433\u043e\u0440\u043e\u0434", "city": 1, "street": 1, "num_building": "1", "phone": "74950987473", "email": "uk@new-city.ru", "inn": "7202225426", "ps": "40702810538320000181", "bik": "046577964", "ks": "30101810100000000096", "bank": "\u041e\u0410\u041e \u0410\u043b\u044c\u0444\u0430-\u0411\u0430\u043d\u043a", "web_addr": "new-city.ru", "is_active": true, "created": "2021-04-21T12:02:04.669Z", "updated": "2021-04-21T12:03:07.731Z"}}, {"model": "mainapp.house", "pk": 1, "fields": {"city": 1, "street": 2, "number": "12", "add_number": "-", "sq_home": "5500.00", "uk": 2, "category_rate": 1, "is_active": true, "created": "2021-04-21T12:04:50.022Z", "updated": "2021-04-21T12:04:50.022Z"}}, {"model": "mainapp.house", "pk": 2, "fields": {"city": 1, "street": 2, "number": "13", "add_number": "-", "sq_home": "6700.00", "uk": 2, "category_rate": 1, "is_active": true, "created": "2021-04-21T12:06:10.760Z", "updated": "2021-04-21T12:06:10.760Z"}}, {"model": "mainapp.house", "pk": 3, "fields": {"city": 1, "street": 3, "number": "4", "add_number": "-", "sq_home": "5890.00", "uk": 2, "category_rate": 1, "is_active": true, "created": "2021-04-21T12:08:13.107Z", "updated": "2021-04-21T12:08:13.107Z"}}, {"model": "mainapp.house", "pk": 4, "fields": {"city": 1, "street": 4, "number": "101", "add_number": "-", "sq_home": "4500.00", "uk": 2, "category_rate": 1, "is_active": true, "created": "2021-04-21T12:08:58.704Z", "updated": "2021-04-21T12:08:58.704Z"}}, {"model": "mainapp.appartament", "pk": 1, "fields": {"house": 1, "number": 1, "add_number": "-", "sq_appart": "45.00", "num_owner": 2, "is_active": true, "created": "2021-04-21T12:04:50.038Z", "updated": "2021-04-21T12:04:50.039Z"}}, {"model": "mainapp.appartament", "pk": 2, "fields": {"house": 1, "number": 2, "add_number": "-", "sq_appart": "46.00", "num_owner": 3, "is_active": true, "created": "2021-04-21T12:04:50.049Z", "updated": "2021-04-21T12:04:50.049Z"}}, {"model": "mainapp.appartament", "pk": 3, "fields": {"house": 1, "number": 3, "add_number": "-", "sq_appart": "80.00", "num_owner": 3, "is_active": true, "created": "2021-04-21T12:04:50.051Z", "updated": "2021-04-21T12:04:50.051Z"}}, {"model": "mainapp.appartament", "pk": 4, "fields": {"house": 1, "number": 4, "add_number": "-", "sq_appart": "56.00", "num_owner": 4, "is_active": true, "created": "2021-04-21T12:04:50.053Z", "updated": "2021-04-21T12:04:50.053Z"}}, {"model": "mainapp.appartament", "pk": 5, "fields": {"house": 2, "number": 1, "add_number": "-", "sq_appart": "67.00", "num_owner": 1, "is_active": true, "created": "2021-04-21T12:06:10.765Z", "updated": "2021-04-21T12:06:10.765Z"}}, {"model": "mainapp.appartament", "pk": 6, "fields": {"house": 2, "number": 2, "add_number": "-", "sq_appart": "56.00", "num_owner": 2, "is_active": true, "created": "2021-04-21T12:06:10.771Z", "updated": "2021-04-21T12:06:10.771Z"}}, {"model": "mainapp.appartament", "pk": 7, "fields": {"house": 2, "number": 3, "add_number": "-", "sq_appart": "78.00", "num_owner": 3, "is_active": true, "created": "2021-04-21T12:06:10.773Z", "updated": "2021-04-21T12:06:10.773Z"}}, {"model": "mainapp.appartament", "pk": 8, "fields": {"house": 2, "number": 4, "add_number": "-", "sq_appart": "45.00", "num_owner": 1, "is_active": true, "created": "2021-04-21T12:06:10.774Z", "updated": "2021-04-21T12:06:10.774Z"}}, {"model": "mainapp.appartament", "pk": 9, "fields": {"house": 2, "number": 5, "add_number": "-", "sq_appart": "46.00", "num_owner": 2, "is_active": true, "created": "2021-04-21T12:06:10.776Z", "updated": "2021-04-21T12:06:10.776Z"}}, {"model": "mainapp.appartament", "pk": 10, "fields": {"house": 3, "number": 1, "add_number": "-", "sq_appart": "34.00", "num_owner": 1, "is_active": true, "created": "2021-04-21T12:08:13.111Z", "updated": "2021-04-21T12:08:13.111Z"}}, {"model": "mainapp.appartament", "pk": 11, "fields": {"house": 3, "number": 2, "add_number": "-", "sq_appart": "45.00", "num_owner": 1, "is_active": true, "created": "2021-04-21T12:08:13.115Z", "updated": "2021-04-21T12:08:13.115Z"}}, {"model": "mainapp.appartament", "pk": 12, "fields": {"house": 3, "number": 3, "add_number": "-", "sq_appart": "46.00", "num_owner": 2, "is_active": true, "created": "2021-04-21T12:08:13.117Z", "updated": "2021-04-21T12:08:13.117Z"}}, {"model": "mainapp.appartament", "pk": 13, "fields": {"house": 3, "number": 4, "add_number": "-", "sq_appart": "87.00", "num_owner": 2, "is_active": true, "created": "2021-04-21T12:08:13.119Z", "updated": "2021-04-21T12:08:13.119Z"}}, {"model": "mainapp.appartament", "pk": 14, "fields": {"house": 4, "number": 1, "add_number": "-", "sq_appart": "89.00", "num_owner": 2, "is_active": true, "created": "2021-04-21T12:08:58.708Z", "updated": "2021-04-21T12:08:58.708Z"}}, {"model": "mainapp.appartament", "pk": 15, "fields": {"house": 4, "number": 2, "add_number": "-", "sq_appart": "102.00", "num_owner": 3, "is_active": true, "created": "2021-04-21T12:08:58.713Z", "updated": "2021-04-21T12:08:58.713Z"}}, {"model": "mainapp.appartament", "pk": 16, "fields": {"house": 4, "number": 3, "add_number": "-", "sq_appart": "98.00", "num_owner": 2, "is_active": true, "created": "2021-04-21T12:08:58.715Z", "updated": "2021-04-21T12:08:58.715Z"}}, {"model": "mainapp.subsidies", "pk": 1, "fields": {"user": 5, "service": 2, "sale": 10, "is_active": true, "created": "2021-04-21T12:11:00.088Z", "updated": "2021-04-21T12:11:00.088Z", "desc": ""}}, {"model": "mainapp.subsidies", "pk": 2, "fields": {"user": 5, "service": 3, "sale": 10, "is_active": true, "created": "2021-04-21T12:11:12.675Z", "updated": "2021-04-21T12:11:12.675Z", "desc": ""}}, {"model": "mainapp.subsidies", "pk": 3, "fields": {"user": 5, "service": 5, "sale": 10, "is_active": true, "created": "2021-04-21T12:11:26.895Z", "updated": "2021-04-21T12:11:26.896Z", "desc": ""}}, {"model": "mainapp.subsidies", "pk": 4, "fields": {"user": 5, "service": 6, "sale": 10, "is_active": true, "created": "2021-04-21T12:11:40.121Z", "updated": "2021-04-21T12:11:40.121Z", "desc": ""}}, {"model": "auth.permission", "pk": 1, "fields": {"name": "Can add log entry", "content_type": 1, "codename": "add_logentry"}}, {"model": "auth.permission", "pk": 2, "fields": {"name": "Can change log entry", "content_type": 1, "codename": "change_logentry"}}, {"model": "auth.permission", "pk": 3, "fields": {"name": "Can delete log entry", "content_type": 1, "codename": "delete_logentry"}}, {"model": "auth.permission", "pk": 4, "fields": {"name": "Can view log entry", "content_type": 1, "codename": "view_logentry"}}, {"model": "auth.permission", "pk": 5, "fields": {"name": "Can add permission", "content_type": 2, "codename": "add_permission"}}, {"model": "auth.permission", "pk": 6, "fields": {"name": "Can change permission", "content_type": 2, "codename": "change_permission"}}, {"model": "auth.permission", "pk": 7, "fields": {"name": "Can delete permission", "content_type": 2, "codename": "delete_permission"}}, {"model": "auth.permission", "pk": 8, "fields": {"name": "Can view permission", "content_type": 2, "codename": "view_permission"}}, {"model": "auth.permission", "pk": 9, "fields": {"name": "Can add group", "content_type": 3, "codename": "add_group"}}, {"model": "auth.permission", "pk": 10, "fields": {"name": "Can change group", "content_type": 3, "codename": "change_group"}}, {"model": "auth.permission", "pk": 11, "fields": {"name": "Can delete group", "content_type": 3, "codename": "delete_group"}}, {"model": "auth.permission", "pk": 12, "fields": {"name": "Can view group", "content_type": 3, "codename": "view_group"}}, {"model": "auth.permission", "pk": 13, "fields": {"name": "Can add content type", "content_type": 4, "codename": "add_contenttype"}}, {"model": "auth.permission", "pk": 14, "fields": {"name": "Can change content type", "content_type": 4, "codename": "change_contenttype"}}, {"model": "auth.permission", "pk": 15, "fields": {"name": "Can delete content type", "content_type": 4, "codename": "delete_contenttype"}}, {"model": "auth.permission", "pk": 16, "fields": {"name": "Can view content type", "content_type": 4, "codename": "view_contenttype"}}, {"model": "auth.permission", "pk": 17, "fields": {"name": "Can add session", "content_type": 5, "codename": "add_session"}}, {"model": "auth.permission", "pk": 18, "fields": {"name": "Can change session", "content_type": 5, "codename": "change_session"}}, {"model": "auth.permission", "pk": 19, "fields": {"name": "Can delete session", "content_type": 5, "codename": "delete_session"}}, {"model": "auth.permission", "pk": 20, "fields": {"name": "Can view session", "content_type": 5, "codename": "view_session"}}, {"model": "auth.permission", "pk": 21, "fields": {"name": "Can add \u041a\u0432\u0430\u0440\u0442\u0438\u0440\u0430", "content_type": 6, "codename": "add_appartament"}}, {"model": "auth.permission", "pk": 22, "fields": {"name": "Can change \u041a\u0432\u0430\u0440\u0442\u0438\u0440\u0430", "content_type": 6, "codename": "change_appartament"}}, {"model": "auth.permission", "pk": 23, "fields": {"name": "Can delete \u041a\u0432\u0430\u0440\u0442\u0438\u0440\u0430", "content_type": 6, "codename": "delete_appartament"}}, {"model": "auth.permission", "pk": 24, "fields": {"name": "Can view \u041a\u0432\u0430\u0440\u0442\u0438\u0440\u0430", "content_type": 6, "codename": "view_appartament"}}, {"model": "auth.permission", "pk": 25, "fields": {"name": "Can add \u0413\u043e\u0440\u043e\u0434", "content_type": 7, "codename": "add_city"}}, {"model": "auth.permission", "pk": 26, "fields": {"name": "Can change \u0413\u043e\u0440\u043e\u0434", "content_type": 7, "codename": "change_city"}}, {"model": "auth.permission", "pk": 27, "fields": {"name": "Can delete \u0413\u043e\u0440\u043e\u0434", "content_type": 7, "codename": "delete_city"}}, {"model": "auth.permission", "pk": 28, "fields": {"name": "Can view \u0413\u043e\u0440\u043e\u0434", "content_type": 7, "codename": "view_city"}}, {"model": "auth.permission", "pk": 29, "fields": {"name": "Can add \u0414\u043e\u043c", "content_type": 8, "codename": "add_house"}}, {"model": "auth.permission", "pk": 30, "fields": {"name": "Can change \u0414\u043e\u043c", "content_type": 8, "codename": "change_house"}}, {"model": "auth.permission", "pk": 31, "fields": {"name": "Can delete \u0414\u043e\u043c", "content_type": 8, "codename": "delete_house"}}, {"model": "auth.permission", "pk": 32, "fields": {"name": "Can view \u0414\u043e\u043c", "content_type": 8, "codename": "view_house"}}, {"model": "auth.permission", "pk": 33, "fields": {"name": "Can add \u0415\u0434\u0438\u043d\u0438\u0446\u0430 \u0438\u0437\u043c\u0435\u0440\u0435\u043d\u0438\u044f", "content_type": 9, "codename": "add_metrics"}}, {"model": "auth.permission", "pk": 34, "fields": {"name": "Can change \u0415\u0434\u0438\u043d\u0438\u0446\u0430 \u0438\u0437\u043c\u0435\u0440\u0435\u043d\u0438\u044f", "content_type": 9, "codename": "change_metrics"}}, {"model": "auth.permission", "pk": 35, "fields": {"name": "Can delete \u0415\u0434\u0438\u043d\u0438\u0446\u0430 \u0438\u0437\u043c\u0435\u0440\u0435\u043d\u0438\u044f", "content_type": 9, "codename": "delete_metrics"}}, {"model": "auth.permission", "pk": 36, "fields": {"name": "Can view \u0415\u0434\u0438\u043d\u0438\u0446\u0430 \u0438\u0437\u043c\u0435\u0440\u0435\u043d\u0438\u044f", "content_type": 9, "codename": "view_metrics"}}, {"model": "auth.permission", "pk": 37, "fields": {"name": "Can add \u0423\u0441\u043b\u0443\u0433\u0443", "content_type": 10, "codename": "add_services"}}, {"model": "auth.permission", "pk": 38, "fields": {"name": "Can change \u0423\u0441\u043b\u0443\u0433\u0443", "content_type": 10, "codename": "change_services"}}, {"model": "auth.permission", "pk": 39, "fields": {"name": "Can delete \u0423\u0441\u043b\u0443\u0433\u0443", "content_type": 10, "codename": "delete_services"}}, {"model": "auth.permission", "pk": 40, "fields": {"name": "Can view \u0423\u0441\u043b\u0443\u0433\u0443", "content_type": 10, "codename": "view_services"}}, {"model": "auth.permission", "pk": 41, "fields": {"name": "Can add \u041a\u0430\u0442\u0435\u0433\u043e\u0440\u0438\u044f \u0443\u0441\u043b\u0443\u0433", "content_type": 11, "codename": "add_servicescategory"}}, {"model": "auth.permission", "pk": 42, "fields": {"name": "Can change \u041a\u0430\u0442\u0435\u0433\u043e\u0440\u0438\u044f \u0443\u0441\u043b\u0443\u0433", "content_type": 11, "codename": "change_servicescategory"}}, {"model": "auth.permission", "pk": 43, "fields": {"name": "Can delete \u041a\u0430\u0442\u0435\u0433\u043e\u0440\u0438\u044f \u0443\u0441\u043b\u0443\u0433", "content_type": 11, "codename": "delete_servicescategory"}}, {"model": "auth.permission", "pk": 44, "fields": {"name": "Can view \u041a\u0430\u0442\u0435\u0433\u043e\u0440\u0438\u044f \u0443\u0441\u043b\u0443\u0433", "content_type": 11, "codename": "view_servicescategory"}}, {"model": "auth.permission", "pk": 45, "fields": {"name": "Can add \u0423\u043b\u0438\u0446\u0430", "content_type": 12, "codename": "add_street"}}, {"model": "auth.permission", "pk": 46, "fields": {"name": "Can change \u0423\u043b\u0438\u0446\u0430", "content_type": 12, "codename": "change_street"}}, {"model": "auth.permission", "pk": 47, "fields": {"name": "Can delete \u0423\u043b\u0438\u0446\u0430", "content_type": 12, "codename": "delete_street"}}, {"model": "auth.permission", "pk": 48, "fields": {"name": "Can view \u0423\u043b\u0438\u0446\u0430", "content_type": 12, "codename": "view_street"}}, {"model": "auth.permission", "pk": 49, "fields": {"name": "Can add \u041f\u043b\u0430\u0442\u0435\u0436 (\u043f\u0435\u0440\u0435\u043f\u0435\u043d\u043d\u044b\u0435)", "content_type": 13, "codename": "add_variablepayments"}}, {"model": "auth.permission", "pk": 50, "fields": {"name": "Can change \u041f\u043b\u0430\u0442\u0435\u0436 (\u043f\u0435\u0440\u0435\u043f\u0435\u043d\u043d\u044b\u0435)", "content_type": 13, "codename": "change_variablepayments"}}, {"model": "auth.permission", "pk": 51, "fields": {"name": "Can delete \u041f\u043b\u0430\u0442\u0435\u0436 (\u043f\u0435\u0440\u0435\u043f\u0435\u043d\u043d\u044b\u0435)", "content_type": 13, "codename": "delete_variablepayments"}}, {"model": "auth.permission", "pk": 52, "fields": {"name": "Can view \u041f\u043b\u0430\u0442\u0435\u0436 (\u043f\u0435\u0440\u0435\u043f\u0435\u043d\u043d\u044b\u0435)", "content_type": 13, "codename": "view_variablepayments"}}, {"model": "auth.permission", "pk": 53, "fields": {"name": "Can add \u041f\u0440\u043e\u0444\u0438\u043b\u044c", "content_type": 14, "codename": "add_userprofile"}}, {"model": "auth.permission", "pk": 54, "fields": {"name": "Can change \u041f\u0440\u043e\u0444\u0438\u043b\u044c", "content_type": 14, "codename": "change_userprofile"}}, {"model": "auth.permission", "pk": 55, "fields": {"name": "Can delete \u041f\u0440\u043e\u0444\u0438\u043b\u044c", "content_type": 14, "codename": "delete_userprofile"}}, {"model": "auth.permission", "pk": 56, "fields": {"name": "Can view \u041f\u0440\u043e\u0444\u0438\u043b\u044c", "content_type": 14, "codename": "view_userprofile"}}, {"model": "auth.permission", "pk": 57, "fields": {"name": "Can add \u0423\u043f\u0440\u0430\u0432\u043b\u044f\u044e\u0449\u0430\u044f \u043a\u043e\u043c\u043f\u0430\u043d\u0438\u044f", "content_type": 15, "codename": "add_uk"}}, {"model": "auth.permission", "pk": 58, "fields": {"name": "Can change \u0423\u043f\u0440\u0430\u0432\u043b\u044f\u044e\u0449\u0430\u044f \u043a\u043e\u043c\u043f\u0430\u043d\u0438\u044f", "content_type": 15, "codename": "change_uk"}}, {"model": "auth.permission", "pk": 59, "fields": {"name": "Can delete \u0423\u043f\u0440\u0430\u0432\u043b\u044f\u044e\u0449\u0430\u044f \u043a\u043e\u043c\u043f\u0430\u043d\u0438\u044f", "content_type": 15, "codename": "delete_uk"}}, {"model": "auth.permission", "pk": 60, "fields": {"name": "Can view \u0423\u043f\u0440\u0430\u0432\u043b\u044f\u044e\u0449\u0430\u044f \u043a\u043e\u043c\u043f\u0430\u043d\u0438\u044f", "content_type": 15, "codename": "view_uk"}}, {"model": "auth.permission", "pk": 61, "fields": {"name": "Can add \u0421\u0443\u0431\u0441\u0438\u0434\u0438\u044f", "content_type": 16, "codename": "add_subsidies"}}, {"model": "auth.permission", "pk": 62, "fields": {"name": "Can change \u0421\u0443\u0431\u0441\u0438\u0434\u0438\u044f", "content_type": 16, "codename": "change_subsidies"}}, {"model": "auth.permission", "pk": 63, "fields": {"name": "Can delete \u0421\u0443\u0431\u0441\u0438\u0434\u0438\u044f", "content_type": 16, "codename": "delete_subsidies"}}, {"model": "auth.permission", "pk": 64, "fields": {"name": "Can view \u0421\u0443\u0431\u0441\u0438\u0434\u0438\u044f", "content_type": 16, "codename": "view_subsidies"}}, {"model": "auth.permission", "pk": 65, "fields": {"name": "Can add \u041d\u043e\u0440\u043c\u0430\u0442\u0438\u0432", "content_type": 17, "codename": "add_standart"}}, {"model": "auth.permission", "pk": 66, "fields": {"name": "Can change \u041d\u043e\u0440\u043c\u0430\u0442\u0438\u0432", "content_type": 17, "codename": "change_standart"}}, {"model": "auth.permission", "pk": 67, "fields": {"name": "Can delete \u041d\u043e\u0440\u043c\u0430\u0442\u0438\u0432", "content_type": 17, "codename": "delete_standart"}}, {"model": "auth.permission", "pk": 68, "fields": {"name": "Can view \u041d\u043e\u0440\u043c\u0430\u0442\u0438\u0432", "content_type": 17, "codename": "view_standart"}}, {"model": "auth.permission", "pk": 69, "fields": {"name": "Can add \u041f\u0435\u0440\u0435\u0440\u0430\u0441\u0447\u0435\u0442", "content_type": 18, "codename": "add_recalculations"}}, {"model": "auth.permission", "pk": 70, "fields": {"name": "Can change \u041f\u0435\u0440\u0435\u0440\u0430\u0441\u0447\u0435\u0442", "content_type": 18, "codename": "change_recalculations"}}, {"model": "auth.permission", "pk": 71, "fields": {"name": "Can delete \u041f\u0435\u0440\u0435\u0440\u0430\u0441\u0447\u0435\u0442", "content_type": 18, "codename": "delete_recalculations"}}, {"model": "auth.permission", "pk": 72, "fields": {"name": "Can view \u041f\u0435\u0440\u0435\u0440\u0430\u0441\u0447\u0435\u0442", "content_type": 18, "codename": "view_recalculations"}}, {"model": "auth.permission", "pk": 73, "fields": {"name": "Can add \u041d\u0430\u0447\u0438\u0441\u043b\u0435\u043d\u0438\u0435", "content_type": 19, "codename": "add_profit"}}, {"model": "auth.permission", "pk": 74, "fields": {"name": "Can change \u041d\u0430\u0447\u0438\u0441\u043b\u0435\u043d\u0438\u0435", "content_type": 19, "codename": "change_profit"}}, {"model": "auth.permission", "pk": 75, "fields": {"name": "Can delete \u041d\u0430\u0447\u0438\u0441\u043b\u0435\u043d\u0438\u0435", "content_type": 19, "codename": "delete_profit"}}, {"model": "auth.permission", "pk": 76, "fields": {"name": "Can view \u041d\u0430\u0447\u0438\u0441\u043b\u0435\u043d\u0438\u0435", "content_type": 19, "codename": "view_profit"}}, {"model": "auth.permission", "pk": 77, "fields": {"name": "Can add \u041b\u044c\u0433\u043e\u0442\u0430", "content_type": 20, "codename": "add_privileges"}}, {"model": "auth.permission", "pk": 78, "fields": {"name": "Can change \u041b\u044c\u0433\u043e\u0442\u0430", "content_type": 20, "codename": "change_privileges"}}, {"model": "auth.permission", "pk": 79, "fields": {"name": "Can delete \u041b\u044c\u0433\u043e\u0442\u0430", "content_type": 20, "codename": "delete_privileges"}}, {"model": "auth.permission", "pk": 80, "fields": {"name": "Can view \u041b\u044c\u0433\u043e\u0442\u0430", "content_type": 20, "codename": "view_privileges"}}, {"model": "auth.permission", "pk": 81, "fields": {"name": "Can add \u041e\u043f\u043b\u0430\u0442\u0430", "content_type": 21, "codename": "add_payment"}}, {"model": "auth.permission", "pk": 82, "fields": {"name": "Can change \u041e\u043f\u043b\u0430\u0442\u0430", "content_type": 21, "codename": "change_payment"}}, {"model": "auth.permission", "pk": 83, "fields": {"name": "Can delete \u041e\u043f\u043b\u0430\u0442\u0430", "content_type": 21, "codename": "delete_payment"}}, {"model": "auth.permission", "pk": 84, "fields": {"name": "Can view \u041e\u043f\u043b\u0430\u0442\u0430", "content_type": 21, "codename": "view_payment"}}, {"model": "auth.permission", "pk": 85, "fields": {"name": "Can add \u0414\u043e\u043c\u043e\u0432\u043e\u0439 \u0441\u0447\u0435\u0442\u0447\u0438\u043a (\u0438\u0441\u0442\u043e\u0440\u0438\u044f)", "content_type": 22, "codename": "add_househistory"}}, {"model": "auth.permission", "pk": 86, "fields": {"name": "Can change \u0414\u043e\u043c\u043e\u0432\u043e\u0439 \u0441\u0447\u0435\u0442\u0447\u0438\u043a (\u0438\u0441\u0442\u043e\u0440\u0438\u044f)", "content_type": 22, "codename": "change_househistory"}}, {"model": "auth.permission", "pk": 87, "fields": {"name": "Can delete \u0414\u043e\u043c\u043e\u0432\u043e\u0439 \u0441\u0447\u0435\u0442\u0447\u0438\u043a (\u0438\u0441\u0442\u043e\u0440\u0438\u044f)", "content_type": 22, "codename": "delete_househistory"}}, {"model": "auth.permission", "pk": 88, "fields": {"name": "Can view \u0414\u043e\u043c\u043e\u0432\u043e\u0439 \u0441\u0447\u0435\u0442\u0447\u0438\u043a (\u0438\u0441\u0442\u043e\u0440\u0438\u044f)", "content_type": 22, "codename": "view_househistory"}}, {"model": "auth.permission", "pk": 89, "fields": {"name": "Can add \u0414\u043e\u043c\u043e\u0432\u043e\u0439 \u0441\u0447\u0435\u0442\u0447\u0438\u043a (\u0442\u0435\u043a\u0443\u0449\u0438\u0439)", "content_type": 23, "codename": "add_housecurrent"}}, {"model": "auth.permission", "pk": 90, "fields": {"name": "Can change \u0414\u043e\u043c\u043e\u0432\u043e\u0439 \u0441\u0447\u0435\u0442\u0447\u0438\u043a (\u0442\u0435\u043a\u0443\u0449\u0438\u0439)", "content_type": 23, "codename": "change_housecurrent"}}, {"model": "auth.permission", "pk": 91, "fields": {"name": "Can delete \u0414\u043e\u043c\u043e\u0432\u043e\u0439 \u0441\u0447\u0435\u0442\u0447\u0438\u043a (\u0442\u0435\u043a\u0443\u0449\u0438\u0439)", "content_type": 23, "codename": "delete_housecurrent"}}, {"model": "auth.permission", "pk": 92, "fields": {"name": "Can view \u0414\u043e\u043c\u043e\u0432\u043e\u0439 \u0441\u0447\u0435\u0442\u0447\u0438\u043a (\u0442\u0435\u043a\u0443\u0449\u0438\u0439)", "content_type": 23, "codename": "view_housecurrent"}}, {"model": "auth.permission", "pk": 93, "fields": {"name": "Can add \u0418\u043d\u0434\u0438\u0432\u0438\u0434. \u0441\u0447\u0435\u0442\u0447\u0438\u043a (\u0438\u0441\u0442\u043e\u0440\u0438\u044f)", "content_type": 24, "codename": "add_historycounter"}}, {"model": "auth.permission", "pk": 94, "fields": {"name": "Can change \u0418\u043d\u0434\u0438\u0432\u0438\u0434. \u0441\u0447\u0435\u0442\u0447\u0438\u043a (\u0438\u0441\u0442\u043e\u0440\u0438\u044f)", "content_type": 24, "codename": "change_historycounter"}}, {"model": "auth.permission", "pk": 95, "fields": {"name": "Can delete \u0418\u043d\u0434\u0438\u0432\u0438\u0434. \u0441\u0447\u0435\u0442\u0447\u0438\u043a (\u0438\u0441\u0442\u043e\u0440\u0438\u044f)", "content_type": 24, "codename": "delete_historycounter"}}, {"model": "auth.permission", "pk": 96, "fields": {"name": "Can view \u0418\u043d\u0434\u0438\u0432\u0438\u0434. \u0441\u0447\u0435\u0442\u0447\u0438\u043a (\u0438\u0441\u0442\u043e\u0440\u0438\u044f)", "content_type": 24, "codename": "view_historycounter"}}, {"model": "auth.permission", "pk": 97, "fields": {"name": "Can add \u0418\u043d\u0434\u0438\u0432\u0438\u0434. \u0441\u0447\u0435\u0442\u0447\u0438\u043a (\u0442\u0435\u043a\u0443\u0449\u0438\u0439)", "content_type": 25, "codename": "add_currentcounter"}}, {"model": "auth.permission", "pk": 98, "fields": {"name": "Can change \u0418\u043d\u0434\u0438\u0432\u0438\u0434. \u0441\u0447\u0435\u0442\u0447\u0438\u043a (\u0442\u0435\u043a\u0443\u0449\u0438\u0439)", "content_type": 25, "codename": "change_currentcounter"}}, {"model": "auth.permission", "pk": 99, "fields": {"name": "Can delete \u0418\u043d\u0434\u0438\u0432\u0438\u0434. \u0441\u0447\u0435\u0442\u0447\u0438\u043a (\u0442\u0435\u043a\u0443\u0449\u0438\u0439)", "content_type": 25, "codename": "delete_currentcounter"}}, {"model": "auth.permission", "pk": 100, "fields": {"name": "Can view \u0418\u043d\u0434\u0438\u0432\u0438\u0434. \u0441\u0447\u0435\u0442\u0447\u0438\u043a (\u0442\u0435\u043a\u0443\u0449\u0438\u0439)", "content_type": 25, "codename": "view_currentcounter"}}, {"model": "auth.permission", "pk": 101, "fields": {"name": "Can add \u041f\u043b\u0430\u0442\u0435\u0436 (\u043f\u043e\u0441\u0442\u043e\u044f\u043d\u043d\u044b\u0435)", "content_type": 26, "codename": "add_constantpayments"}}, {"model": "auth.permission", "pk": 102, "fields": {"name": "Can change \u041f\u043b\u0430\u0442\u0435\u0436 (\u043f\u043e\u0441\u0442\u043e\u044f\u043d\u043d\u044b\u0435)", "content_type": 26, "codename": "change_constantpayments"}}, {"model": "auth.permission", "pk": 103, "fields": {"name": "Can delete \u041f\u043b\u0430\u0442\u0435\u0436 (\u043f\u043e\u0441\u0442\u043e\u044f\u043d\u043d\u044b\u0435)", "content_type": 26, "codename": "delete_constantpayments"}}, {"model": "auth.permission", "pk": 104, "fields": {"name": "Can view \u041f\u043b\u0430\u0442\u0435\u0436 (\u043f\u043e\u0441\u0442\u043e\u044f\u043d\u043d\u044b\u0435)", "content_type": 26, "codename": "view_constantpayments"}}, {"model": "auth.permission", "pk": 105, "fields": {"name": "Can add \u041f\u043e\u043b\u044c\u0437\u043e\u0432\u0430\u0442\u0435\u043b\u044c", "content_type": 27, "codename": "add_user"}}, {"model": "auth.permission", "pk": 106, "fields": {"name": "Can change \u041f\u043e\u043b\u044c\u0437\u043e\u0432\u0430\u0442\u0435\u043b\u044c", "content_type": 27, "codename": "change_user"}}, {"model": "auth.permission", "pk": 107, "fields": {"name": "Can delete \u041f\u043e\u043b\u044c\u0437\u043e\u0432\u0430\u0442\u0435\u043b\u044c", "content_type": 27, "codename": "delete_user"}}, {"model": "auth.permission", "pk": 108, "fields": {"name": "Can view \u041f\u043e\u043b\u044c\u0437\u043e\u0432\u0430\u0442\u0435\u043b\u044c", "content_type": 27, "codename": "view_user"}}, {"model": "auth.group", "pk": 1, "fields": {"name": "Client", "permissions": [24, 28, 104, 97, 98, 100, 96, 32, 92, 88, 36, 84, 80, 76, 72, 40, 44, 68, 48, 64, 60, 54, 56, 52]}}, {"model": "auth.group", "pk": 2, "fields": {"name": "Manager", "permissions": [9, 10, 11, 12, 5, 6, 7, 8, 105, 106, 107, 108, 13, 14, 15, 16, 21, 22, 23, 24, 25, 26, 27, 28, 101, 102, 103, 104, 97, 98, 99, 100, 93, 94, 95, 96, 29, 30, 31, 32, 89, 90, 91, 92, 85, 86, 87, 88, 33, 34, 35, 36, 81, 82, 83, 84, 77, 78, 79, 80, 73, 74, 75, 76, 69, 70, 71, 72, 37, 38, 39, 40, 41, 42, 43, 44, 65, 66, 67, 68, 45, 46, 47, 48, 61, 62, 63, 64, 57, 58, 59, 60, 53, 54, 55, 56, 49, 50, 51, 52]}}, {"model": "authnapp.user", "pk": 1, "fields": {"is_client": true, "is_staff": true, "personal_account": "admin", "password": "pbkdf2_sha256$150000$qvL1wjvrA6ih$ZbCNJtLfvOTG1BTw9Y7R/gWAfflzz3rlfkWTj3Mh7o8=", "name": "", "email": "admin@admin.com", "phone": "", "is_active": true, "is_superuser": true, "last_login": "2021-04-21T11:40:27.201Z", "activation_key": "", "activation_key_expires": "2021-04-14T03:00:29.359Z", "groups": [], "user_permissions": []}}, {"model": "authnapp.user", "pk": 2, "fields": {"is_client": true, "is_staff": true, "personal_account": "777001", "password": "pbkdf2_sha256$150000$OmVy4R1EqrHI$a7haHT3kaZh32G4CJmUddzob4ipTWQNejdrPHYROHZ4=", "name": "\u0422\u0438\u0442\u043e\u0432 \u0418\u0433\u043e\u0440\u044c \u0412\u0430\u043b\u0435\u0440\u044c\u0435\u0432\u0438\u0447", "email": "igor@uk.ru", "phone": "78985748999", "is_active": true, "is_superuser": false, "last_login": null, "activation_key": "", "activation_key_expires": "2021-04-23T11:23:57.178Z", "groups": [2], "user_permissions": []}}, {"model": "authnapp.user", "pk": 3, "fields": {"is_client": true, "is_staff": true, "personal_account": "777002", "password": "pbkdf2_sha256$150000$2X0JJPnk5hFY$jlQYtDLhqX/XH35FhJh3EjJgOUHImj3CmL5HYJ0Xbtk=", "name": "\u042f\u043a\u0443\u0448\u0435\u0432\u0430 \u0415\u043b\u0435\u043d\u0430 \u0418\u0432\u0430\u043d\u043e\u0432\u043d\u0430", "email": "elena@uk.ru", "phone": "78987677846", "is_active": true, "is_superuser": false, "last_login": null, "activation_key": "", "activation_key_expires": "2021-04-23T11:23:57.178Z", "groups": [2], "user_permissions": []}}, {"model": "authnapp.user", "pk": 4, "fields": {"is_client": true, "is_staff": false, "personal_account": "111001", "password": "pbkdf2_sha256$150000$QaioCc12KoII$BcP/+mRN9f0exX2j/M/N22xMcZG0K/SR9Nm9VQuDEV8=", "name": "\u041a\u0440\u0430\u0441\u043d\u043e\u0432\u0430 \u0418\u0440\u0438\u043d\u0430 \u041f\u0435\u0442\u0440\u043e\u0432\u043d\u0430", "email": "irka@uk.ru", "phone": "79867876453", "is_active": true, "is_superuser": false, "last_login": null, "activation_key": "", "activation_key_expires": "2021-04-23T11:23:57.178Z", "groups": [1], "user_permissions": []}}, {"model": "authnapp.user", "pk": 5, "fields": {"is_client": true, "is_staff": false, "personal_account": "111002", "password": "pbkdf2_sha256$150000$oogTpuFgpiGu$m0PQyj8nrpnRI/ZFPlQHAQiGSom7AvRqDJY3EhAvg0k=", "name": "\u041f\u0435\u0442\u0440\u043e\u0432 \u041f\u0435\u0442\u0440 \u0418\u0432\u0430\u043d\u043e\u0432\u0438\u0447", "email": "petr@uk.ru", "phone": "79868987876", "is_active": true, "is_superuser": false, "last_login": null, "activation_key": "", "activation_key_expires": "2021-04-23T11:23:57.178Z", "groups": [1], "user_permissions": []}}, {"model": "mainapp.userprofile", "pk": 1, "fields": {"user": 1, "appartament": null, "type_electric_meter": "", "is_active": true, "created": "2021-04-21T11:24:16.908Z", "updated": "2021-04-21T11:40:27.218Z"}}, {"model": "mainapp.userprofile", "pk": 2, "fields": {"user": 2, "appartament": null, "type_electric_meter": "", "is_active": true, "created": "2021-04-21T11:40:53.549Z", "updated": "2021-04-21T11:46:34.281Z"}}, {"model": "mainapp.userprofile", "pk": 3, "fields": {"user": 3, "appartament": null, "type_electric_meter": "", "is_active": true, "created": "2021-04-21T11:41:07.638Z", "updated": "2021-04-21T11:45:26.603Z"}}, {"model": "mainapp.userprofile", "pk": 4, "fields": {"user": 4, "appartament": null, "type_electric_meter": "", "is_active": true, "created": "2021-04-21T11:41:18.277Z", "updated": "2021-04-21T11:44:11.421Z"}}, {"model": "mainapp.userprofile", "pk": 5, "fields": {"user": 5, "appartament": null, "type_electric_meter": "", "is_active": true, "created": "2021-04-21T11:41:26.479Z", "updated": "2021-04-21T11:43:03.114Z"}}, {"model": "admin.logentry", "pk": 1, "fields": {"action_time": "2021-04-21T11:27:51.993Z", "user": 1, "content_type": 3, "object_id": "1", "object_repr": "Client", "action_flag": 1, "change_message": "[{\"added\": {}}]"}}, {"model": "admin.logentry", "pk": 2, "fields": {"action_time": "2021-04-21T11:28:37.325Z", "user": 1, "content_type": 3, "object_id": "2", "object_repr": "Manager", "action_flag": 1, "change_message": "[{\"added\": {}}]"}}, {"model": "admin.logentry", "pk": 3, "fields": {"action_time": "2021-04-21T11:40:53.563Z", "user": 1, "content_type": 27, "object_id": "2", "object_repr": "(777001) - None", "action_flag": 1, "change_message": "[{\"added\": {}}]"}}, {"model": "admin.logentry", "pk": 4, "fields": {"action_time": "2021-04-21T11:41:07.653Z", "user": 1, "content_type": 27, "object_id": "3", "object_repr": "(777002) - None", "action_flag": 1, "change_message": "[{\"added\": {}}]"}}, {"model": "admin.logentry", "pk": 5, "fields": {"action_time": "2021-04-21T11:41:18.289Z", "user": 1, "content_type": 27, "object_id": "4", "object_repr": "(111001) - None", "action_flag": 1, "change_message": "[{\"added\": {}}]"}}, {"model": "admin.logentry", "pk": 6, "fields": {"action_time": "2021-04-21T11:41:26.493Z", "user": 1, "content_type": 27, "object_id": "5", "object_repr": "(111002) - None", "action_flag": 1, "change_message": "[{\"added\": {}}]"}}, {"model": "admin.logentry", "pk": 7, "fields": {"action_time": "2021-04-21T11:43:03.120Z", "user": 1, "content_type": 27, "object_id": "5", "object_repr": "(111002) - \u041f\u0435\u0442\u0440\u043e\u0432 \u041f\u0435\u0442\u0440 \u0418\u0432\u0430\u043d\u043e\u0432\u0438\u0447", "action_flag": 2, "change_message": "[{\"changed\": {\"fields\": [\"name\", \"email\", \"phone\"]}}]"}}, {"model": "admin.logentry", "pk": 8, "fields": {"action_time": "2021-04-21T11:44:11.427Z", "user": 1, "content_type": 27, "object_id": "4", "object_repr": "(111001) - \u041a\u0440\u0430\u0441\u043d\u043e\u0432\u0430 \u0418\u0440\u0438\u043d\u0430 \u041f\u0435\u0442\u0440\u043e\u0432\u043d\u0430", "action_flag": 2, "change_message": "[{\"changed\": {\"fields\": [\"name\", \"email\", \"phone\"]}}]"}}, {"model": "admin.logentry", "pk": 9, "fields": {"action_time": "2021-04-21T11:45:26.609Z", "user": 1, "content_type": 27, "object_id": "3", "object_repr": "(777002) - \u042f\u043a\u0443\u0448\u0435\u0432\u0430 \u0415\u043b\u0435\u043d\u0430 \u0418\u0432\u0430\u043d\u043e\u0432\u043d\u0430", "action_flag": 2, "change_message": "[{\"changed\": {\"fields\": [\"name\", \"email\", \"phone\"]}}]"}}, {"model": "admin.logentry", "pk": 10, "fields": {"action_time": "2021-04-21T11:46:34.288Z", "user": 1, "content_type": 27, "object_id": "2", "object_repr": "(777001) - \u0422\u0438\u0442\u043e\u0432 \u0418\u0433\u043e\u0440\u044c \u0412\u0430\u043b\u0435\u0440\u044c\u0435\u0432\u0438\u0447", "action_flag": 2, "change_message": "[{\"changed\": {\"fields\": [\"name\", \"email\", \"phone\"]}}]"}}, {"model": "admin.logentry", "pk": 11, "fields": {"action_time": "2021-04-21T11:48:29.739Z", "user": 1, "content_type": 7, "object_id": "1", "object_repr": "\u0422\u044e\u043c\u0435\u043d\u044c", "action_flag": 1, "change_message": "[{\"added\": {}}, {\"added\": {\"name\": \"\\u0423\\u043b\\u0438\\u0446\\u0430\", \"object\": \"\\u0443\\u043b.\\u0421\\u043e\\u0432\\u0435\\u0442\\u0441\\u043a\\u0430\\u044f\"}}, {\"added\": {\"name\": \"\\u0423\\u043b\\u0438\\u0446\\u0430\", \"object\": \"\\u0443\\u043b.\\u0414\\u043c\\u0438\\u0442\\u0440\\u043e\\u0432\\u0441\\u043a\\u0430\\u044f\"}}, {\"added\": {\"name\": \"\\u0423\\u043b\\u0438\\u0446\\u0430\", \"object\": \"\\u0443\\u043b.\\u041f\\u0440\\u043e\\u043b\\u0435\\u0442\\u0430\\u0440\\u0441\\u043a\\u0430\\u044f\"}}, {\"added\": {\"name\": \"\\u0423\\u043b\\u0438\\u0446\\u0430\", \"object\": \"\\u0443\\u043b.\\u0422\\u0440\\u0443\\u0431\\u043d\\u0430\\u044f\"}}, {\"added\": {\"name\": \"\\u0423\\u043b\\u0438\\u0446\\u0430\", \"object\": \"\\u0443\\u043b.\\u0421\\u0432\\u0435\\u0442\\u043b\\u0430\\u044f\"}}]"}}, {"model": "admin.logentry", "pk": 12, "fields": {"action_time": "2021-04-21T11:49:39.761Z", "user": 1, "content_type": 9, "object_id": "1", "object_repr": "\u043c2", "action_flag": 1, "change_message": "[{\"added\": {}}]"}}, {"model": "admin.logentry", "pk": 13, "fields": {"action_time": "2021-04-21T11:49:45.650Z", "user": 1, "content_type": 9, "object_id": "2", "object_repr": "\u043c3", "action_flag": 1, "change_message": "[{\"added\": {}}]"}}, {"model": "admin.logentry", "pk": 14, "fields": {"action_time": "2021-04-21T11:49:53.195Z", "user": 1, "content_type": 9, "object_id": "3", "object_repr": "\u043a\u0412\u0442.\u0447", "action_flag": 1, "change_message": "[{\"added\": {}}]"}}, {"model": "admin.logentry", "pk": 15, "fields": {"action_time": "2021-04-21T11:49:58.719Z", "user": 1, "content_type": 9, "object_id": "4", "object_repr": "\u0448\u0442", "action_flag": 1, "change_message": "[{\"added\": {}}]"}}, {"model": "admin.logentry", "pk": 16, "fields": {"action_time": "2021-04-21T11:50:04.298Z", "user": 1, "content_type": 9, "object_id": "5", "object_repr": "\u043a\u0432", "action_flag": 1, "change_message": "[{\"added\": {}}]"}}, {"model": "admin.logentry", "pk": 17, "fields": {"action_time": "2021-04-21T11:50:10.085Z", "user": 1, "content_type": 9, "object_id": "6", "object_repr": "\u0413\u043a\u0430\u043b", "action_flag": 1, "change_message": "[{\"added\": {}}]"}}, {"model": "admin.logentry", "pk": 18, "fields": {"action_time": "2021-04-21T11:50:50.384Z", "user": 1, "content_type": 9, "object_id": "7", "object_repr": "\u0447\u0435\u043b", "action_flag": 1, "change_message": "[{\"added\": {}}]"}}, {"model": "admin.logentry", "pk": 19, "fields": {"action_time": "2021-04-21T11:58:18.157Z", "user": 1, "content_type": 11, "object_id": "1", "object_repr": "\u0422\u0430\u0440\u0438\u04441", "action_flag": 1, "change_message": "[{\"added\": {}}, {\"added\": {\"name\": \"\\u0423\\u0441\\u043b\\u0443\\u0433\\u0443\", \"object\": \"\\u0412\\u0437\\u043d\\u043e\\u0441\\u044b \\u043d\\u0430 \\u043a\\u0430\\u043f\\u0438\\u0442\\u0430\\u043b\\u044c\\u043d\\u044b\\u0439 \\u0440\\u0435\\u043c\\u043e\\u043d\\u0442 (\\u0422\\u0430\\u0440\\u0438\\u04441)\"}}, {\"added\": {\"name\": \"\\u0423\\u0441\\u043b\\u0443\\u0433\\u0443\", \"object\": \"\\u0425\\u043e\\u043b\\u043e\\u0434\\u043d\\u0430\\u044f \\u0432\\u043e\\u0434\\u0430 (\\u0422\\u0430\\u0440\\u0438\\u04441)\"}}, {\"added\": {\"name\": \"\\u0423\\u0441\\u043b\\u0443\\u0433\\u0443\", \"object\": \"\\u0413\\u043e\\u0440\\u044f\\u0447\\u0430\\u044f \\u0432\\u043e\\u0434\\u0430 (\\u0422\\u0430\\u0440\\u0438\\u04441)\"}}, {\"added\": {\"name\": \"\\u0423\\u0441\\u043b\\u0443\\u0433\\u0443\", \"object\": \"\\u0412\\u043e\\u0434\\u043e\\u043e\\u0442\\u0432\\u0435\\u0434\\u0435\\u043d\\u0438\\u0435 (\\u0422\\u0430\\u0440\\u0438\\u04441)\"}}, {\"added\": {\"name\": \"\\u0423\\u0441\\u043b\\u0443\\u0433\\u0443\", \"object\": \"\\u042d\\u043b\\u0435\\u043a\\u0442\\u0440\\u043e\\u044d\\u043d\\u0435\\u0440\\u0433\\u0438\\u044f \\u0434\\u0435\\u043d\\u044c (\\u0422\\u0430\\u0440\\u0438\\u04441)\"}}, {\"added\": {\"name\": \"\\u0423\\u0441\\u043b\\u0443\\u0433\\u0443\", \"object\": \"\\u042d\\u043b\\u0435\\u043a\\u0442\\u0440\\u043e\\u044d\\u043d\\u0435\\u0440\\u0433\\u0438\\u044f \\u043d\\u043e\\u0447\\u044c (\\u0422\\u0430\\u0440\\u0438\\u04441)\"}}, {\"added\": {\"name\": \"\\u0423\\u0441\\u043b\\u0443\\u0433\\u0443\", \"object\": \"\\u041e\\u0431\\u0440\\u0430\\u0449\\u0435\\u043d\\u0438\\u0435 \\u0441 \\u0422\\u041a\\u041e (\\u0422\\u0430\\u0440\\u0438\\u04441)\"}}, {\"added\": {\"name\": \"\\u0423\\u0441\\u043b\\u0443\\u0433\\u0443\", \"object\": \"\\u041e\\u0431\\u0441\\u043b\\u0443\\u0436\\u0438\\u0432\\u0430\\u043d\\u0438\\u0435 \\u0441\\u0438\\u0441\\u0442\\u0435\\u043c \\u0432\\u0438\\u0434\\u0435\\u043e\\u043d\\u0430\\u0431\\u043b\\u044e\\u0434\\u0435\\u043d\\u0438\\u044f (\\u0422\\u0430\\u0440\\u0438\\u04441)\"}}, {\"added\": {\"name\": \"\\u0423\\u0441\\u043b\\u0443\\u0433\\u0443\", \"object\": \"\\u0421\\u043e\\u0434\\u0435\\u0440\\u0436\\u0430\\u043d\\u0438\\u0435 \\u043e\\u0431\\u0449 \\u0438\\u043c\\u043c\\u0443\\u0449 \\u0434\\u043e\\u043c\\u0430 (\\u0422\\u0430\\u0440\\u0438\\u04441)\"}}, {\"added\": {\"name\": \"\\u0423\\u0441\\u043b\\u0443\\u0433\\u0443\", \"object\": \"\\u0422\\u0435\\u0445 \\u043e\\u0431\\u0441\\u043b\\u0443\\u0436 \\u043b\\u0438\\u0444\\u0442\\u043e\\u0432\\u043e\\u0433\\u043e \\u0438\\u043c\\u043c\\u0443\\u0449\\u0435\\u0441\\u0442\\u0432\\u0430 (\\u0422\\u0430\\u0440\\u0438\\u04441)\"}}, {\"added\": {\"name\": \"\\u0423\\u0441\\u043b\\u0443\\u0433\\u0443\", \"object\": \"\\u0422\\u041e \\u043e\\u0431\\u0449 \\u043a\\u043e\\u043c\\u043c\\u0443\\u043d\\u0438\\u043a\\u0430\\u0446 \\u0442\\u0435\\u0445 \\u0443\\u0441\\u0442\\u0440\\u043e\\u0439\\u0441\\u0442\\u0432 \\u0438 \\u043f\\u043e\\u043c\\u0435\\u0449\\u0435\\u043d\\u0438\\u0439 (\\u0422\\u0430\\u0440\\u0438\\u04441)\"}}, {\"added\": {\"name\": \"\\u0423\\u0441\\u043b\\u0443\\u0433\\u0443\", \"object\": \"\\u0423\\u043f\\u0440\\u0430\\u0432\\u043b\\u0435\\u043d\\u0438\\u0435 \\u0434\\u043e\\u043c\\u043e\\u043c (\\u0422\\u0430\\u0440\\u0438\\u04441)\"}}]"}}, {"model": "admin.logentry", "pk": 20, "fields": {"action_time": "2021-04-21T12:02:04.682Z", "user": 1, "content_type": 15, "object_id": "1", "object_repr": "\u041e\u041e\u041e \u041d\u043e\u0432\u044b\u0439 \u0433\u043e\u0440\u043e\u0434", "action_flag": 1, "change_message": "[{\"added\": {}}]"}}, {"model": "admin.logentry", "pk": 21, "fields": {"action_time": "2021-04-21T12:02:04.684Z", "user": 1, "content_type": 15, "object_id": "2", "object_repr": "\u041e\u041e\u041e \u041d\u043e\u0432\u044b\u0439 \u0433\u043e\u0440\u043e\u0434", "action_flag": 1, "change_message": "[{\"added\": {}}]"}}, {"model": "admin.logentry", "pk": 22, "fields": {"action_time": "2021-04-21T12:02:47.818Z", "user": 1, "content_type": 15, "object_id": "1", "object_repr": "\u041e\u041e\u041e \u041d\u043e\u0432\u044b\u0439 \u0433\u043e\u0440\u043e\u0434", "action_flag": 3, "change_message": ""}}, {"model": "admin.logentry", "pk": 23, "fields": {"action_time": "2021-04-21T12:03:07.734Z", "user": 1, "content_type": 15, "object_id": "2", "object_repr": "\u041e\u041e\u041e \u041d\u043e\u0432\u044b\u0439 \u0433\u043e\u0440\u043e\u0434", "action_flag": 2, "change_message": "[{\"changed\": {\"fields\": [\"bank\"]}}]"}}, {"model": "admin.logentry", "pk": 24, "fields": {"action_time": "2021-04-21T12:04:50.054Z", "user": 1, "content_type": 8, "object_id": "1", "object_repr": "\u0414\u043e\u043c \u211612, \u043a.-, \u0443\u043b.\u0414\u043c\u0438\u0442\u0440\u043e\u0432\u0441\u043a\u0430\u044f", "action_flag": 1, "change_message": "[{\"added\": {}}, {\"added\": {\"name\": \"\\u041a\\u0432\\u0430\\u0440\\u0442\\u0438\\u0440\\u0430\", \"object\": \"\\u0443\\u043b.\\u0414\\u043c\\u0438\\u0442\\u0440\\u043e\\u0432\\u0441\\u043a\\u0430\\u044f, \\u0434.12, \\u043a\\u0432.1, \\u043a\\u043e\\u043c\\u043d.-\"}}, {\"added\": {\"name\": \"\\u041a\\u0432\\u0430\\u0440\\u0442\\u0438\\u0440\\u0430\", \"object\": \"\\u0443\\u043b.\\u0414\\u043c\\u0438\\u0442\\u0440\\u043e\\u0432\\u0441\\u043a\\u0430\\u044f, \\u0434.12, \\u043a\\u0432.2, \\u043a\\u043e\\u043c\\u043d.-\"}}, {\"added\": {\"name\": \"\\u041a\\u0432\\u0430\\u0440\\u0442\\u0438\\u0440\\u0430\", \"object\": \"\\u0443\\u043b.\\u0414\\u043c\\u0438\\u0442\\u0440\\u043e\\u0432\\u0441\\u043a\\u0430\\u044f, \\u0434.12, \\u043a\\u0432.3, \\u043a\\u043e\\u043c\\u043d.-\"}}, {\"added\": {\"name\": \"\\u041a\\u0432\\u0430\\u0440\\u0442\\u0438\\u0440\\u0430\", \"object\": \"\\u0443\\u043b.\\u0414\\u043c\\u0438\\u0442\\u0440\\u043e\\u0432\\u0441\\u043a\\u0430\\u044f, \\u0434.12, \\u043a\\u0432.4, \\u043a\\u043e\\u043c\\u043d.-\"}}]"}}, {"model": "admin.logentry", "pk": 25, "fields": {"action_time": "2021-04-21T12:06:10.778Z", "user": 1, "content_type": 8, "object_id": "2", "object_repr": "\u0414\u043e\u043c \u211613, \u043a.-, \u0443\u043b.\u0414\u043c\u0438\u0442\u0440\u043e\u0432\u0441\u043a\u0430\u044f", "action_flag": 1, "change_message": "[{\"added\": {}}, {\"added\": {\"name\": \"\\u041a\\u0432\\u0430\\u0440\\u0442\\u0438\\u0440\\u0430\", \"object\": \"\\u0443\\u043b.\\u0414\\u043c\\u0438\\u0442\\u0440\\u043e\\u0432\\u0441\\u043a\\u0430\\u044f, \\u0434.13, \\u043a\\u0432.1, \\u043a\\u043e\\u043c\\u043d.-\"}}, {\"added\": {\"name\": \"\\u041a\\u0432\\u0430\\u0440\\u0442\\u0438\\u0440\\u0430\", \"object\": \"\\u0443\\u043b.\\u0414\\u043c\\u0438\\u0442\\u0440\\u043e\\u0432\\u0441\\u043a\\u0430\\u044f, \\u0434.13, \\u043a\\u0432.2, \\u043a\\u043e\\u043c\\u043d.-\"}}, {\"added\": {\"name\": \"\\u041a\\u0432\\u0430\\u0440\\u0442\\u0438\\u0440\\u0430\", \"object\": \"\\u0443\\u043b.\\u0414\\u043c\\u0438\\u0442\\u0440\\u043e\\u0432\\u0441\\u043a\\u0430\\u044f, \\u0434.13, \\u043a\\u0432.3, \\u043a\\u043e\\u043c\\u043d.-\"}}, {\"added\": {\"name\": \"\\u041a\\u0432\\u0430\\u0440\\u0442\\u0438\\u0440\\u0430\", \"object\": \"\\u0443\\u043b.\\u0414\\u043c\\u0438\\u0442\\u0440\\u043e\\u0432\\u0441\\u043a\\u0430\\u044f, \\u0434.13, \\u043a\\u0432.4, \\u043a\\u043e\\u043c\\u043d.-\"}}, {\"added\": {\"name\": \"\\u041a\\u0432\\u0430\\u0440\\u0442\\u0438\\u0440\\u0430\", \"object\": \"\\u0443\\u043b.\\u0414\\u043c\\u0438\\u0442\\u0440\\u043e\\u0432\\u0441\\u043a\\u0430\\u044f, \\u0434.13, \\u043a\\u0432.5, \\u043a\\u043e\\u043c\\u043d.-\"}}]"}}, {"model": "admin.logentry", "pk": 26, "fields": {"action_time": "2021-04-21T12:08:13.120Z", "user": 1, "content_type": 8, "object_id": "3", "object_repr": "\u0414\u043e\u043c \u21164, \u043a.-, \u0443\u043b.\u041f\u0440\u043e\u043b\u0435\u0442\u0430\u0440\u0441\u043a\u0430\u044f", "action_flag": 1, "change_message": "[{\"added\": {}}, {\"added\": {\"name\": \"\\u041a\\u0432\\u0430\\u0440\\u0442\\u0438\\u0440\\u0430\", \"object\": \"\\u0443\\u043b.\\u041f\\u0440\\u043e\\u043b\\u0435\\u0442\\u0430\\u0440\\u0441\\u043a\\u0430\\u044f, \\u0434.4, \\u043a\\u0432.1, \\u043a\\u043e\\u043c\\u043d.-\"}}, {\"added\": {\"name\": \"\\u041a\\u0432\\u0430\\u0440\\u0442\\u0438\\u0440\\u0430\", \"object\": \"\\u0443\\u043b.\\u041f\\u0440\\u043e\\u043b\\u0435\\u0442\\u0430\\u0440\\u0441\\u043a\\u0430\\u044f, \\u0434.4, \\u043a\\u0432.2, \\u043a\\u043e\\u043c\\u043d.-\"}}, {\"added\": {\"name\": \"\\u041a\\u0432\\u0430\\u0440\\u0442\\u0438\\u0440\\u0430\", \"object\": \"\\u0443\\u043b.\\u041f\\u0440\\u043e\\u043b\\u0435\\u0442\\u0430\\u0440\\u0441\\u043a\\u0430\\u044f, \\u0434.4, \\u043a\\u0432.3, \\u043a\\u043e\\u043c\\u043d.-\"}}, {\"added\": {\"name\": \"\\u041a\\u0432\\u0430\\u0440\\u0442\\u0438\\u0440\\u0430\", \"object\": \"\\u0443\\u043b.\\u041f\\u0440\\u043e\\u043b\\u0435\\u0442\\u0430\\u0440\\u0441\\u043a\\u0430\\u044f, \\u0434.4, \\u043a\\u0432.4, \\u043a\\u043e\\u043c\\u043d.-\"}}]"}}, {"model": "admin.logentry", "pk": 27, "fields": {"action_time": "2021-04-21T12:08:58.717Z", "user": 1, "content_type": 8, "object_id": "4", "object_repr": "\u0414\u043e\u043c \u2116101, \u043a.-, \u0443\u043b.\u0422\u0440\u0443\u0431\u043d\u0430\u044f", "action_flag": 1, "change_message": "[{\"added\": {}}, {\"added\": {\"name\": \"\\u041a\\u0432\\u0430\\u0440\\u0442\\u0438\\u0440\\u0430\", \"object\": \"\\u0443\\u043b.\\u0422\\u0440\\u0443\\u0431\\u043d\\u0430\\u044f, \\u0434.101, \\u043a\\u0432.1, \\u043a\\u043e\\u043c\\u043d.-\"}}, {\"added\": {\"name\": \"\\u041a\\u0432\\u0430\\u0440\\u0442\\u0438\\u0440\\u0430\", \"object\": \"\\u0443\\u043b.\\u0422\\u0440\\u0443\\u0431\\u043d\\u0430\\u044f, \\u0434.101, \\u043a\\u0432.2, \\u043a\\u043e\\u043c\\u043d.-\"}}, {\"added\": {\"name\": \"\\u041a\\u0432\\u0430\\u0440\\u0442\\u0438\\u0440\\u0430\", \"object\": \"\\u0443\\u043b.\\u0422\\u0440\\u0443\\u0431\\u043d\\u0430\\u044f, \\u0434.101, \\u043a\\u0432.3, \\u043a\\u043e\\u043c\\u043d.-\"}}]"}}, {"model": "admin.logentry", "pk": 28, "fields": {"action_time": "2021-04-21T12:11:00.105Z", "user": 1, "content_type": 16, "object_id": "1", "object_repr": "\u041f\u0435\u0442\u0440\u043e\u0432 \u041f\u0435\u0442\u0440 \u0418\u0432\u0430\u043d\u043e\u0432\u0438\u0447 (111002) - \u0425\u043e\u043b\u043e\u0434\u043d\u0430\u044f \u0432\u043e\u0434\u0430", "action_flag": 1, "change_message": "[{\"added\": {}}]"}}, {"model": "admin.logentry", "pk": 29, "fields": {"action_time": "2021-04-21T12:11:12.682Z", "user": 1, "content_type": 16, "object_id": "2", "object_repr": "\u041f\u0435\u0442\u0440\u043e\u0432 \u041f\u0435\u0442\u0440 \u0418\u0432\u0430\u043d\u043e\u0432\u0438\u0447 (111002) - \u0413\u043e\u0440\u044f\u0447\u0430\u044f \u0432\u043e\u0434\u0430", "action_flag": 1, "change_message": "[{\"added\": {}}]"}}, {"model": "admin.logentry", "pk": 30, "fields": {"action_time": "2021-04-21T12:11:26.903Z", "user": 1, "content_type": 16, "object_id": "3", "object_repr": "\u041f\u0435\u0442\u0440\u043e\u0432 \u041f\u0435\u0442\u0440 \u0418\u0432\u0430\u043d\u043e\u0432\u0438\u0447 (111002) - \u042d\u043b\u0435\u043a\u0442\u0440\u043e\u044d\u043d\u0435\u0440\u0433\u0438\u044f \u0434\u0435\u043d\u044c", "action_flag": 1, "change_message": "[{\"added\": {}}]"}}, {"model": "admin.logentry", "pk": 31, "fields": {"action_time": "2021-04-21T12:11:40.128Z", "user": 1, "content_type": 16, "object_id": "4", "object_repr": "\u041f\u0435\u0442\u0440\u043e\u0432 \u041f\u0435\u0442\u0440 \u0418\u0432\u0430\u043d\u043e\u0432\u0438\u0447 (111002) - \u042d\u043b\u0435\u043a\u0442\u0440\u043e\u044d\u043d\u0435\u0440\u0433\u0438\u044f \u043d\u043e\u0447\u044c", "action_flag": 1, "change_message": "[{\"added\": {}}]"}}]